imię i nazwisko,narodowość,flaga,pozycja,data urodzenia,wiek,SUMA,Sezon,Liczba
Abel Salami,Nigeria,https://flagcdn.com/w40/ng.png,napastnik,15.12.1979,46,18,2003/04,18.0
Adam Bała,Polska,https://flagcdn.com/w40/pl.png,pomocnik,17.01.1973,52,11,2005/06,11.0
Adam Brzezina,Czechy,https://flagcdn.com/w40/cz.png,napastnik,30.10.1978,47,16,2008/09,16.0
Adam Cieśliński,Polska,https://flagcdn.com/w40/pl.png,napastnik,11.05.1982,43,46,2010/11,33.0
Adam Cieśliński,Polska,https://flagcdn.com/w40/pl.png,napastnik,11.05.1982,43,46,2011/12,13.0
Adam Deja,Polska,https://flagcdn.com/w40/pl.png,pomocnik,26.06.1993,32,106,2012/13,10.0
Adam Deja,Polska,https://flagcdn.com/w40/pl.png,pomocnik,26.06.1993,32,106,2013/14,18.0
Adam Deja,Polska,https://flagcdn.com/w40/pl.png,pomocnik,26.06.1993,32,106,2014/15,25.0
Adam Deja,Polska,https://flagcdn.com/w40/pl.png,pomocnik,26.06.1993,32,106,2015/16,26.0
Adam Deja,Polska,https://flagcdn.com/w40/pl.png,pomocnik,26.06.1993,32,106,2016/17,27.0
Adam Kompała,Polska,https://flagcdn.com/w40/pl.png,pomocnik,16.08.1973,52,40,2004/05,40.0
Adam Majdak,Polska,https://flagcdn.com/w40/pl.png,napastnik,01.12.1976,125,1,1997/98,1.0
Adam Mójta,Polska,https://flagcdn.com/w40/pl.png,obrońca,30.06.1986,39,32,2015/16,32.0
Adam Pazio,Polska,https://flagcdn.com/w40/pl.png,obrońca,27.09.1992,33,41,2014/15,25.0
Adam Pazio,Polska,https://flagcdn.com/w40/pl.png,obrońca,27.09.1992,33,41,2015/16,16.0
Adrian Małachowski,Polska,https://flagcdn.com/w40/pl.png,pomocnik,10.03.1998,27,10,2023/24,10.0
Adrian Pajączkowski,Polska,https://flagcdn.com/w40/pl.png,obrońca,18.06.1979,46,8,2007/08,8.0
Adrian Pindera,Polska,https://flagcdn.com/w40/pl.png,napastnik,21.06.1998,27,3,2017/18,3.0
Adrian Rakowski,Polska,https://flagcdn.com/w40/pl.png,pomocnik,07.10.1990,35,79,2017/18,30.0
Adrian Rakowski,Polska,https://flagcdn.com/w40/pl.png,pomocnik,07.10.1990,35,79,2018/19,29.0
Adrian Rakowski,Polska,https://flagcdn.com/w40/pl.png,pomocnik,07.10.1990,35,79,2019/20,19.0
Adrian Rakowski,Polska,https://flagcdn.com/w40/pl.png,pomocnik,07.10.1990,35,79,2020/21,1.0
Adrian Sikora,Polska,https://flagcdn.com/w40/pl.png,napastnik,19.03.1980,45,52,2000/01,13.0
Adrian Sikora,Polska,https://flagcdn.com/w40/pl.png,napastnik,19.03.1980,45,52,2001/02,24.0
Adrian Sikora,Polska,https://flagcdn.com/w40/pl.png,napastnik,19.03.1980,45,52,2002/03,15.0
Adrián Gómez,Hiszpania,https://flagcdn.com/w40/es.png,pomocnik,17.01.1994,31,8,2018/19,8.0
Aleksander Jagiełło,Polska,https://flagcdn.com/w40/pl.png,pomocnik,02.02.1995,30,18,2013/14,18.0
Aleksander Komor,Polska,https://flagcdn.com/w40/pl.png,obrońca,24.06.1994,31,41,2018/19,12.0
Aleksander Komor,Polska,https://flagcdn.com/w40/pl.png,obrońca,24.06.1994,31,41,2019/20,15.0
Aleksander Komor,Polska,https://flagcdn.com/w40/pl.png,obrońca,24.06.1994,31,41,2020/21,14.0
Aleksandr Gierasimowicz,Białoruś,https://flagcdn.com/w40/by.png,bramkarz,02.01.1979,46,1,2006/07,1.0
Andriej Szyło,Białoruś,https://flagcdn.com/w40/by.png,pomocnik,11.07.1976,49,15,2003/04,15.0
Andrzej Fluder,Polska,https://flagcdn.com/w40/pl.png,,,125,7,1997/98,7.0
Andrzej Maślorz,Polska,https://flagcdn.com/w40/pl.png,pomocnik,31.10.1985,40,4,2007/08,4.0
Andrzej Szłapa,Polska,https://flagcdn.com/w40/pl.png,pomocnik,19.06.1975,50,82,2001/02,33.0
Andrzej Szłapa,Polska,https://flagcdn.com/w40/pl.png,pomocnik,19.06.1975,50,82,2002/03,33.0
Andrzej Szłapa,Polska,https://flagcdn.com/w40/pl.png,pomocnik,19.06.1975,50,82,2003/04,16.0
Anton Sloboda,Słowacja,https://flagcdn.com/w40/sk.png,pomocnik,10.07.1987,38,73,2012/13,13.0
Anton Sloboda,Słowacja,https://flagcdn.com/w40/sk.png,pomocnik,10.07.1987,38,73,2013/14,26.0
Anton Sloboda,Słowacja,https://flagcdn.com/w40/sk.png,pomocnik,10.07.1987,38,73,2014/15,23.0
Anton Sloboda,Słowacja,https://flagcdn.com/w40/sk.png,pomocnik,10.07.1987,38,73,2015/16,11.0
Antonio Perošević,Chorwacja,https://flagcdn.com/w40/hr.png,napastnik,06.03.1992,33,4,2023/24,4.0
Ariel Wawszczyk,Polska,https://flagcdn.com/w40/pl.png,obrońca,19.11.1991,34,5,2016/17,5.0
Arkadiusz Gołąb,Polska,https://flagcdn.com/w40/pl.png,obrońca,21.04.1989,36,2,2008/09,1.0
Arkadiusz Gołąb,Polska,https://flagcdn.com/w40/pl.png,obrońca,21.04.1989,36,2,2010/11,1.0
Arkadiusz Kłoda,Polska,https://flagcdn.com/w40/pl.png,obrońca,24.11.1980,45,36,2000/01,36.0
Arkadiusz Lazar,Polska,https://flagcdn.com/w40/pl.png,napastnik,05.01.1971,54,40,1999/00,32.0
Arkadiusz Lazar,Polska,https://flagcdn.com/w40/pl.png,napastnik,05.01.1971,54,40,2000/01,8.0
Arkadiusz Maj,Polska,https://flagcdn.com/w40/pl.png,napastnik,24.08.1999,26,1,2019/20,1.0
Arkadiusz Rucki,Polska,https://flagcdn.com/w40/pl.png,,02.06.1982,125,19,1998/99,1.0
Arkadiusz Rucki,Polska,https://flagcdn.com/w40/pl.png,,02.06.1982,125,19,1999/00,5.0
Arkadiusz Rucki,Polska,https://flagcdn.com/w40/pl.png,,02.06.1982,125,19,2000/01,4.0
Arkadiusz Rucki,Polska,https://flagcdn.com/w40/pl.png,,02.06.1982,125,19,2001/02,9.0
Arthur Vitelli,Francja,https://flagcdn.com/w40/fr.png,obrońca,04.06.2000,25,14,2022/23,14.0
Artur Lenartowski,Polska,https://flagcdn.com/w40/pl.png,pomocnik,17.03.1988,37,14,2014/15,14.0
Artur Monasterski,Polska,https://flagcdn.com/w40/pl.png,obrońca,06.02.1983,42,22,2006/07,22.0
Artur Moroń,Polska,https://flagcdn.com/w40/pl.png,obrońca,10.07.1993,32,1,2011/12,1.0
Artur Pajkos,Polska,https://flagcdn.com/w40/pl.png,obrońca,19.12.1972,53,21,2001/02,21.0
Artur Prokop,Polska,https://flagcdn.com/w40/pl.png,pomocnik,18.12.1972,53,40,2004/05,40.0
Artur Rozmus,Polska,https://flagcdn.com/w40/pl.png,napastnik,01.11.1977,48,45,2000/01,19.0
Artur Rozmus,Polska,https://flagcdn.com/w40/pl.png,napastnik,01.11.1977,48,45,2004/05,26.0
Artur Łazar,Polska,https://flagcdn.com/w40/pl.png,pomocnik,11.01.1980,45,3,2006/07,3.0
Bartosz Bernard,Polska,https://flagcdn.com/w40/pl.png,obrońca,08.02.2003,22,14,2022/23,10.0
Bartosz Bernard,Polska,https://flagcdn.com/w40/pl.png,obrońca,08.02.2003,22,14,2023/24,4.0
Bartosz Bida,Polska,https://flagcdn.com/w40/pl.png,pomocnik,21.02.2001,24,31,2023/24,31.0
Bartosz Bieroński,Polska,https://flagcdn.com/w40/pl.png,pomocnik,10.05.2006,19,16,2021/22,1.0
Bartosz Bieroński,Polska,https://flagcdn.com/w40/pl.png,pomocnik,10.05.2006,19,16,2024/25,6.0
Bartosz Bieroński,Polska,https://flagcdn.com/w40/pl.png,pomocnik,10.05.2006,19,16,2025/26,9.0
Bartosz Florek,Polska,https://flagcdn.com/w40/pl.png,napastnik,06.08.2004,21,33,2024/25,30.0
Bartosz Florek,Polska,https://flagcdn.com/w40/pl.png,napastnik,06.08.2004,21,33,2025/26,3.0
Bartosz Jaroch,Polska,https://flagcdn.com/w40/pl.png,obrońca,25.01.1995,30,94,2015/16,7.0
Bartosz Jaroch,Polska,https://flagcdn.com/w40/pl.png,obrońca,25.01.1995,30,94,2016/17,12.0
Bartosz Jaroch,Polska,https://flagcdn.com/w40/pl.png,obrońca,25.01.1995,30,94,2017/18,14.0
Bartosz Jaroch,Polska,https://flagcdn.com/w40/pl.png,obrońca,25.01.1995,30,94,2018/19,24.0
Bartosz Jaroch,Polska,https://flagcdn.com/w40/pl.png,obrońca,25.01.1995,30,94,2019/20,32.0
Bartosz Jaroch,Polska,https://flagcdn.com/w40/pl.png,obrońca,25.01.1995,30,94,2020/21,5.0
Bartosz Martosz,Polska,https://flagcdn.com/w40/pl.png,napastnik,11.11.2006,19,31,2024/25,11.0
Bartosz Martosz,Polska,https://flagcdn.com/w40/pl.png,napastnik,11.11.2006,19,31,2025/26,20.0
Bartosz Woźniak,Polska,https://flagcdn.com/w40/pl.png,pomocnik,23.09.1977,48,148,1999/00,31.0
Bartosz Woźniak,Polska,https://flagcdn.com/w40/pl.png,pomocnik,23.09.1977,48,148,2000/01,34.0
Bartosz Woźniak,Polska,https://flagcdn.com/w40/pl.png,pomocnik,23.09.1977,48,148,2001/02,33.0
Bartosz Woźniak,Polska,https://flagcdn.com/w40/pl.png,pomocnik,23.09.1977,48,148,2002/03,27.0
Bartosz Woźniak,Polska,https://flagcdn.com/w40/pl.png,pomocnik,23.09.1977,48,148,2003/04,23.0
Bartosz Śpiączka,Polska,https://flagcdn.com/w40/pl.png,napastnik,19.08.1991,34,25,2014/15,25.0
Bartosz Żelichowski,Polska,https://flagcdn.com/w40/pl.png,,,125,18,1997/98,1.0
Bartłomiej Konieczny,Polska,https://flagcdn.com/w40/pl.png,obrońca,09.06.1981,44,168,2008/09,24.0
Bartłomiej Konieczny,Polska,https://flagcdn.com/w40/pl.png,obrońca,09.06.1981,44,168,2009/10,18.0
Bartłomiej Konieczny,Polska,https://flagcdn.com/w40/pl.png,obrońca,09.06.1981,44,168,2010/11,29.0
Bartłomiej Konieczny,Polska,https://flagcdn.com/w40/pl.png,obrońca,09.06.1981,44,168,2011/12,27.0
Bartłomiej Konieczny,Polska,https://flagcdn.com/w40/pl.png,obrońca,09.06.1981,44,168,2012/13,14.0
Bartłomiej Konieczny,Polska,https://flagcdn.com/w40/pl.png,obrońca,09.06.1981,44,168,2013/14,25.0
Bartłomiej Konieczny,Polska,https://flagcdn.com/w40/pl.png,obrońca,09.06.1981,44,168,2014/15,31.0
Bartłomiej Kręcichwost,Polska,https://flagcdn.com/w40/pl.png,napastnik,13.08.1999,26,2,2020/21,2.0
Bartłomiej Socha,Polska,https://flagcdn.com/w40/pl.png,napastnik,28.08.1981,44,9,2005/06,9.0
Bernard Ocholeche,Nigeria,https://flagcdn.com/w40/ng.png,pomocnik,24.05.1987,38,8,2008/09,7.0
Bernard Ocholeche,Nigeria,https://flagcdn.com/w40/ng.png,pomocnik,24.05.1987,38,8,2009/10,1.0
Bogdan Prusek,Polska,https://flagcdn.com/w40/pl.png,napastnik,11.04.1971,54,25,2003/04,10.0
Bogdan Prusek,Polska,https://flagcdn.com/w40/pl.png,napastnik,11.04.1971,54,25,2004/05,15.0
Bogusław Zioło,Polska,https://flagcdn.com/w40/pl.png,,,125,10,1997/98,10.0
Brycz,Polska,https://flagcdn.com/w40/pl.png,,,125,1,1997/98,1.0
Błażej Jankowski,Polska,https://flagcdn.com/w40/pl.png,obrońca,26.10.1980,45,15,2005/06,15.0
Błażej Radler,Polska,https://flagcdn.com/w40/pl.png,obrońca,02.08.1982,43,33,2004/05,33.0
Błażej Telichowski,Polska,https://flagcdn.com/w40/pl.png,obrońca,06.06.1984,41,41,2012/13,7.0
Błażej Telichowski,Polska,https://flagcdn.com/w40/pl.png,obrońca,06.06.1984,41,41,2013/14,34.0
Celestine Lazarus,Nigeria,https://flagcdn.com/w40/ng.png,obrońca,13.11.1992,33,5,2015/16,5.0
Charles Nwaogu,Nigeria,https://flagcdn.com/w40/ng.png,napastnik,22.07.1990,35,3,2013/14,3.0
Chopi,Hiszpania,https://flagcdn.com/w40/es.png,pomocnik,16.04.1990,35,21,2018/19,21.0
Clemence Matawu,Zimbabwe,https://flagcdn.com/w40/zw.png,pomocnik,29.11.1982,43,40,2008/09,8.0
Clemence Matawu,Zimbabwe,https://flagcdn.com/w40/zw.png,pomocnik,29.11.1982,43,40,2009/10,32.0
Costa Nhamoinesu,Zimbabwe,https://flagcdn.com/w40/zw.png,obrońca,06.01.1986,39,1,2021/22,1.0
Cristian Popescu,Rumunia,https://flagcdn.com/w40/ro.png,obrońca,10.10.1973,52,1,2004/05,1.0
Michał Czechowski,Polska,https://flagcdn.com/w40/pl.png,obrońca,25.02.1975,125,25,1998/99,1.0
Dalibor Takáč,Słowacja,https://flagcdn.com/w40/sk.png,pomocnik,11.10.1997,28,20,2025/26,20.0
Damian Byrtek,Polska,https://flagcdn.com/w40/pl.png,obrońca,07.03.1991,34,19,2010/11,5.0
Damian Byrtek,Polska,https://flagcdn.com/w40/pl.png,obrońca,07.03.1991,34,19,2011/12,5.0
Damian Byrtek,Polska,https://flagcdn.com/w40/pl.png,obrońca,07.03.1991,34,19,2012/13,9.0
Damian Chmiel,Polska,https://flagcdn.com/w40/pl.png,pomocnik,06.05.1987,38,183,2008/09,10.0
Damian Chmiel,Polska,https://flagcdn.com/w40/pl.png,pomocnik,06.05.1987,38,183,2009/10,7.0
Damian Chmiel,Polska,https://flagcdn.com/w40/pl.png,pomocnik,06.05.1987,38,183,2010/11,22.0
Damian Chmiel,Polska,https://flagcdn.com/w40/pl.png,pomocnik,06.05.1987,38,183,2011/12,1.0
Damian Chmiel,Polska,https://flagcdn.com/w40/pl.png,pomocnik,06.05.1987,38,183,2012/13,27.0
Damian Chmiel,Polska,https://flagcdn.com/w40/pl.png,pomocnik,06.05.1987,38,183,2013/14,22.0
Damian Chmiel,Polska,https://flagcdn.com/w40/pl.png,pomocnik,06.05.1987,38,183,2014/15,37.0
Damian Chmiel,Polska,https://flagcdn.com/w40/pl.png,pomocnik,06.05.1987,38,183,2015/16,24.0
Damian Chmiel,Polska,https://flagcdn.com/w40/pl.png,pomocnik,06.05.1987,38,183,2016/17,21.0
Damian Chmiel,Polska,https://flagcdn.com/w40/pl.png,pomocnik,06.05.1987,38,183,2017/18,12.0
Damian Galeja,Polska,https://flagcdn.com/w40/pl.png,pomocnik,05.02.1976,49,9,2001/02,9.0
Damian Hilbrycht,Polska,https://flagcdn.com/w40/pl.png,napastnik,19.05.1998,27,16,2018/19,6.0
Damian Hilbrycht,Polska,https://flagcdn.com/w40/pl.png,napastnik,19.05.1998,27,16,2019/20,10.0
Damian Jakubik,Polska,https://flagcdn.com/w40/pl.png,obrońca,25.03.1990,35,4,2016/17,4.0
Damian Nowak,Polska,https://flagcdn.com/w40/pl.png,napastnik,14.05.1992,33,2,2011/12,2.0
Damian Połącarz,Polska,https://flagcdn.com/w40/pl.png,,,125,2,1997/98,2.0
Damian Szczęsny,Polska,https://flagcdn.com/w40/pl.png,napastnik,26.12.1986,39,7,2012/13,7.0
Damian Zdolski,Polska,https://flagcdn.com/w40/pl.png,napastnik,09.07.1984,41,60,1999/00,4.0
Damian Zdolski,Polska,https://flagcdn.com/w40/pl.png,napastnik,09.07.1984,41,60,2000/01,6.0
Damian Zdolski,Polska,https://flagcdn.com/w40/pl.png,napastnik,09.07.1984,41,60,2001/02,3.0
Damian Zdolski,Polska,https://flagcdn.com/w40/pl.png,napastnik,09.07.1984,41,60,2002/03,9.0
Damian Zdolski,Polska,https://flagcdn.com/w40/pl.png,napastnik,09.07.1984,41,60,2003/04,13.0
Damian Zdolski,Polska,https://flagcdn.com/w40/pl.png,napastnik,09.07.1984,41,60,2004/05,10.0
Damian Zdolski,Polska,https://flagcdn.com/w40/pl.png,napastnik,09.07.1984,41,60,2006/07,15.0
Damian Świerblewski,Polska,https://flagcdn.com/w40/pl.png,pomocnik,17.01.1984,41,53,2007/08,13.0
Damian Świerblewski,Polska,https://flagcdn.com/w40/pl.png,pomocnik,17.01.1984,41,53,2008/09,22.0
Damian Świerblewski,Polska,https://flagcdn.com/w40/pl.png,pomocnik,17.01.1984,41,53,2009/10,18.0
Daniel Bujok,Polska,https://flagcdn.com/w40/pl.png,pomocnik,24.11.1994,31,3,2013/14,3.0
Daniel Dubicki,Polska,https://flagcdn.com/w40/pl.png,pomocnik,25.05.1975,50,20,2004/05,20.0
Daniel Dziarmaga,Polska,https://flagcdn.com/w40/pl.png,pomocnik,30.09.1974,51,79,1999/00,33.0
Daniel Dziarmaga,Polska,https://flagcdn.com/w40/pl.png,pomocnik,30.09.1974,51,79,2000/01,31.0
Daniel Dziarmaga,Polska,https://flagcdn.com/w40/pl.png,pomocnik,30.09.1974,51,79,2001/02,15.0
Daniel Dziwniel,Polska / Niemcy,https://flagcdn.com/w40/pl.png,obrońca,19.08.1992,33,34,2024/25,21.0
Daniel Dziwniel,Polska / Niemcy,https://flagcdn.com/w40/pl.png,obrońca,19.08.1992,33,34,2025/26,13.0
Daniel Feruga,Polska,https://flagcdn.com/w40/pl.png,pomocnik,01.05.1988,37,15,2016/17,15.0
Daniel Kasprzycki,Polska,https://flagcdn.com/w40/pl.png,pomocnik,31.01.1985,40,1,2005/06,1.0
Daniel Mikołajewski,Polska,https://flagcdn.com/w40/pl.png,obrońca,25.08.1999,26,92,2016/17,11.0
Daniel Mikołajewski,Polska,https://flagcdn.com/w40/pl.png,obrońca,25.08.1999,26,92,2021/22,27.0
Daniel Mikołajewski,Polska,https://flagcdn.com/w40/pl.png,obrońca,25.08.1999,26,92,2022/23,23.0
Daniel Mikołajewski,Polska,https://flagcdn.com/w40/pl.png,obrońca,25.08.1999,26,92,2023/24,31.0
Dariusz Drewniak,Polska,https://flagcdn.com/w40/pl.png,pomocnik,20.11.1981,125,42,1998/99,8.0
Dariusz Drewniak,Polska,https://flagcdn.com/w40/pl.png,pomocnik,20.11.1981,125,42,1999/00,22.0
Dariusz Drewniak,Polska,https://flagcdn.com/w40/pl.png,pomocnik,20.11.1981,125,42,2001/02,12.0
Dariusz Kołodziej,Polska,https://flagcdn.com/w40/pl.png,pomocnik,17.04.1982,43,215,2005/06,31.0
Dariusz Kołodziej,Polska,https://flagcdn.com/w40/pl.png,pomocnik,17.04.1982,43,215,2006/07,32.0
Dariusz Kołodziej,Polska,https://flagcdn.com/w40/pl.png,pomocnik,17.04.1982,43,215,2007/08,32.0
Dariusz Kołodziej,Polska,https://flagcdn.com/w40/pl.png,pomocnik,17.04.1982,43,215,2009/10,30.0
Dariusz Kołodziej,Polska,https://flagcdn.com/w40/pl.png,pomocnik,17.04.1982,43,215,2010/11,18.0
Dariusz Kołodziej,Polska,https://flagcdn.com/w40/pl.png,pomocnik,17.04.1982,43,215,2011/12,7.0
Dariusz Kołodziej,Polska,https://flagcdn.com/w40/pl.png,pomocnik,17.04.1982,43,215,2012/13,3.0
Dariusz Kołodziej,Polska,https://flagcdn.com/w40/pl.png,pomocnik,17.04.1982,43,215,2013/14,16.0
Dariusz Kołodziej,Polska,https://flagcdn.com/w40/pl.png,pomocnik,17.04.1982,43,215,2014/15,18.0
Dariusz Kołodziej,Polska,https://flagcdn.com/w40/pl.png,pomocnik,17.04.1982,43,215,2015/16,14.0
Dariusz Kołodziej,Polska,https://flagcdn.com/w40/pl.png,pomocnik,17.04.1982,43,215,2016/17,14.0
Dariusz Pietrasiak,Polska,https://flagcdn.com/w40/pl.png,obrońca,12.02.1980,45,69,2012/13,22.0
Dariusz Pietrasiak,Polska,https://flagcdn.com/w40/pl.png,obrońca,12.02.1980,45,69,2013/14,31.0
Dariusz Pietrasiak,Polska,https://flagcdn.com/w40/pl.png,obrońca,12.02.1980,45,69,2014/15,16.0
Dariusz Rucki,Polska,https://flagcdn.com/w40/pl.png,obrońca,03.02.1985,40,14,2004/05,1.0
Dariusz Rucki,Polska,https://flagcdn.com/w40/pl.png,obrońca,03.02.1985,40,14,2005/06,3.0
Dariusz Rucki,Polska,https://flagcdn.com/w40/pl.png,obrońca,03.02.1985,40,14,2006/07,10.0
Dariusz Turkowski,Polska,https://flagcdn.com/w40/pl.png,obrońca,02.11.1975,50,10,2002/03,10.0
Dariusz Ziółkowski,Polska,https://flagcdn.com/w40/pl.png,,,125,88,1997/98,27.0
Dariusz Ziółkowski,Polska,https://flagcdn.com/w40/pl.png,,,125,88,1999/00,26.0
Dariusz Ziółkowski,Polska,https://flagcdn.com/w40/pl.png,,,125,88,2000/01,6.0
Dariusz Łatka,Polska,https://flagcdn.com/w40/pl.png,pomocnik,14.09.1978,47,113,2010/11,31.0
Dariusz Łatka,Polska,https://flagcdn.com/w40/pl.png,pomocnik,14.09.1978,47,113,2011/12,25.0
Dariusz Łatka,Polska,https://flagcdn.com/w40/pl.png,pomocnik,14.09.1978,47,113,2012/13,26.0
Dariusz Łatka,Polska,https://flagcdn.com/w40/pl.png,pomocnik,14.09.1978,47,113,2013/14,31.0
David Niepsuj,Polska / Niemcy,https://flagcdn.com/w40/pl.png,obrońca,16.08.1995,30,9,2020/21,9.0
Dawid Bułka,Polska,https://flagcdn.com/w40/pl.png,bramkarz,01.06.1976,49,53,2000/01,1.0
Dawid Bułka,Polska,https://flagcdn.com/w40/pl.png,bramkarz,01.06.1976,49,53,2001/02,7.0
Dawid Bułka,Polska,https://flagcdn.com/w40/pl.png,bramkarz,01.06.1976,49,53,2002/03,32.0
Dawid Bułka,Polska,https://flagcdn.com/w40/pl.png,bramkarz,01.06.1976,49,53,2003/04,13.0
Dawid Polkowski,Polska,https://flagcdn.com/w40/pl.png,pomocnik,21.08.1998,27,33,2021/22,26.0
Dawid Polkowski,Polska,https://flagcdn.com/w40/pl.png,pomocnik,21.08.1998,27,33,2022/23,7.0
Dawid Ściuk,Polska,https://flagcdn.com/w40/pl.png,obrońca,30.06.2005,20,16,2024/25,9.0
Dawid Ściuk,Polska,https://flagcdn.com/w40/pl.png,obrońca,30.06.2005,20,16,2025/26,7.0
Desley Ubbink,Holandia,https://flagcdn.com/w40/nl.png,pomocnik,15.06.1993,32,23,2019/20,6.0
Desley Ubbink,Holandia,https://flagcdn.com/w40/nl.png,pomocnik,15.06.1993,32,23,2020/21,17.0
Dimityr Ilijew,Bułgaria,https://flagcdn.com/w40/bg.png,pomocnik,25.09.1988,37,26,2017/18,26.0
Distel,Polska,https://flagcdn.com/w40/pl.png,,,125,9,1998/99,8.0
Distel,Polska,https://flagcdn.com/w40/pl.png,,,125,9,1999/00,1.0
Dmytro Baszłaj,Ukraina,https://flagcdn.com/w40/ua.png,obrońca,25.04.1990,35,40,2019/20,23.0
Dmytro Baszłaj,Ukraina,https://flagcdn.com/w40/ua.png,obrońca,25.04.1990,35,40,2020/21,17.0
Dominik Frelek,Polska,https://flagcdn.com/w40/pl.png,pomocnik,11.10.2001,24,40,2020/21,9.0
Dominik Frelek,Polska,https://flagcdn.com/w40/pl.png,pomocnik,11.10.2001,24,40,2021/22,31.0
Dominik Jończy,Polska,https://flagcdn.com/w40/pl.png,obrońca,17.05.1997,28,24,2018/19,24.0
Emilijus Zubas,Litwa,https://flagcdn.com/w40/lt.png,bramkarz,10.07.1990,35,36,2015/16,36.0
Ezequiel Bonifacio,Argentyna / Włochy,https://flagcdn.com/w40/ar.png,obrońca,09.05.1994,31,55,2021/22,26.0
Ezequiel Bonifacio,Argentyna / Włochy,https://flagcdn.com/w40/ar.png,obrońca,09.05.1994,31,55,2022/23,29.0
Fabian Hiszpański,Polska,https://flagcdn.com/w40/pl.png,pomocnik,26.10.1993,32,6,2015/16,6.0
Fabian Pawela,Polska,https://flagcdn.com/w40/pl.png,napastnik,30.11.1985,40,55,2012/13,25.0
Fabian Pawela,Polska,https://flagcdn.com/w40/pl.png,napastnik,30.11.1985,40,55,2013/14,30.0
Filip Laskowski,Polska,https://flagcdn.com/w40/pl.png,pomocnik,04.05.2001,24,28,2019/20,18.0
Filip Laskowski,Polska,https://flagcdn.com/w40/pl.png,pomocnik,04.05.2001,24,28,2020/21,7.0
Filip Laskowski,Polska,https://flagcdn.com/w40/pl.png,pomocnik,04.05.2001,24,28,2021/22,3.0
Filip Matuszczyk,Polska,https://flagcdn.com/w40/pl.png,pomocnik,14.02.1998,27,2,2017/18,2.0
Filip Modelski,Polska,https://flagcdn.com/w40/pl.png,obrońca,28.09.1992,33,72,2017/18,13.0
Filip Modelski,Polska,https://flagcdn.com/w40/pl.png,obrońca,28.09.1992,33,72,2018/19,15.0
Filip Modelski,Polska,https://flagcdn.com/w40/pl.png,obrońca,28.09.1992,33,72,2019/20,21.0
Filip Modelski,Polska,https://flagcdn.com/w40/pl.png,obrońca,28.09.1992,33,72,2020/21,23.0
Florian Hartherz,Niemcy,https://flagcdn.com/w40/de.png,obrońca,29.05.1993,32,15,2022/23,15.0
Foltyn,Polska,https://flagcdn.com/w40/pl.png,,,125,1,1997/98,1.0
Franciszek Liszka,Polska,https://flagcdn.com/w40/pl.png,pomocnik,07.08.2003,22,3,2023/24,3.0
Frank Adu Kwame,Ghana,https://flagcdn.com/w40/gh.png,obrońca,16.05.1985,40,55,2013/14,20.0
Frank Adu Kwame,Ghana,https://flagcdn.com/w40/gh.png,obrońca,16.05.1985,40,55,2014/15,20.0
Frank Adu Kwame,Ghana,https://flagcdn.com/w40/gh.png,obrońca,16.05.1985,40,55,2015/16,15.0
František Metelka,Czechy,https://flagcdn.com/w40/cz.png,pomocnik,08.04.1980,45,24,2010/11,15.0
František Metelka,Czechy,https://flagcdn.com/w40/cz.png,pomocnik,08.04.1980,45,24,2011/12,9.0
François Endene,Kamerun / Meksyk,https://flagcdn.com/w40/cm.png,napastnik,20.10.1978,47,16,2004/05,16.0
Gergő Kocsis,Węgry,https://flagcdn.com/w40/hu.png,obrońca,07.03.1994,31,20,2020/21,20.0
Giorgi Merebaszwili,Gruzja,https://flagcdn.com/w40/ge.png,pomocnik,15.08.1986,39,35,2021/22,33.0
Giorgi Merebaszwili,Gruzja,https://flagcdn.com/w40/ge.png,pomocnik,15.08.1986,39,35,2023/24,2.0
Goku Román,Hiszpania,https://flagcdn.com/w40/es.png,pomocnik,16.05.1993,32,64,2021/22,32.0
Goku Román,Hiszpania,https://flagcdn.com/w40/es.png,pomocnik,16.05.1993,32,64,2022/23,32.0
Gracjan Horoszkiewicz,Polska,https://flagcdn.com/w40/pl.png,obrońca,18.03.1995,30,11,2014/15,7.0
Gracjan Horoszkiewicz,Polska,https://flagcdn.com/w40/pl.png,obrońca,18.03.1995,30,11,2015/16,4.0
Grzegorz Bak,Polska,https://flagcdn.com/w40/pl.png,,,125,35,1997/98,25.0
Grzegorz Bogdan,Polska,https://flagcdn.com/w40/pl.png,pomocnik,27.08.1980,45,68,2001/02,31.0
Grzegorz Bogdan,Polska,https://flagcdn.com/w40/pl.png,pomocnik,27.08.1980,45,68,2002/03,26.0
Grzegorz Bogdan,Polska,https://flagcdn.com/w40/pl.png,pomocnik,27.08.1980,45,68,2003/04,9.0
Grzegorz Bogdan,Polska,https://flagcdn.com/w40/pl.png,pomocnik,27.08.1980,45,68,2006/07,2.0
Grzegorz Goncerz,Polska,https://flagcdn.com/w40/pl.png,napastnik,27.04.1988,37,16,2018/19,16.0
Grzegorz Janusz,Polska,https://flagcdn.com/w40/pl.png,napastnik,08.05.2006,19,1,2025/26,1.0
Grzegorz Jurczyk,Polska,https://flagcdn.com/w40/pl.png,obrońca,06.08.1975,50,9,2000/01,9.0
Grzegorz Pater,Polska,https://flagcdn.com/w40/pl.png,pomocnik,05.05.1974,51,141,2004/05,38.0
Grzegorz Pater,Polska,https://flagcdn.com/w40/pl.png,pomocnik,05.05.1974,51,141,2005/06,36.0
Grzegorz Pater,Polska,https://flagcdn.com/w40/pl.png,pomocnik,05.05.1974,51,141,2006/07,29.0
Grzegorz Pater,Polska,https://flagcdn.com/w40/pl.png,pomocnik,05.05.1974,51,141,2007/08,26.0
Grzegorz Pater,Polska,https://flagcdn.com/w40/pl.png,pomocnik,05.05.1974,51,141,2008/09,12.0
Grzegorz Podstawek,Polska,https://flagcdn.com/w40/pl.png,napastnik,25.06.1979,46,35,2005/06,35.0
Grzegorz Sztorc,Polska,https://flagcdn.com/w40/pl.png,napastnik,11.12.1981,44,2,2004/05,2.0
Grzegorz Wilczok,Polska,https://flagcdn.com/w40/pl.png,obrońca,19.03.1969,56,11,2002/03,11.0
Grzegorz Więzik,Polska,https://flagcdn.com/w40/pl.png,pomocnik,21.07.1963,62,133,1998/99,30.0
Grzegorz Więzik,Polska,https://flagcdn.com/w40/pl.png,pomocnik,21.07.1963,62,133,1999/00,34.0
Grzegorz Więzik,Polska,https://flagcdn.com/w40/pl.png,pomocnik,21.07.1963,62,133,2000/01,26.0
Grzegorz Więzik,Polska,https://flagcdn.com/w40/pl.png,pomocnik,21.07.1963,62,133,2001/02,24.0
Grzegorz Więzik,Polska,https://flagcdn.com/w40/pl.png,pomocnik,21.07.1963,62,133,2002/03,19.0
Guga Palawandiszwili,Gruzja,https://flagcdn.com/w40/ge.png,pomocnik,14.08.1993,32,41,2017/18,13.0
Guga Palawandiszwili,Gruzja,https://flagcdn.com/w40/ge.png,pomocnik,14.08.1993,32,41,2018/19,28.0
Haris Kadrić,Słowenia,https://flagcdn.com/w40/si.png,napastnik,16.03.2000,25,13,2023/24,13.0
Hubert Jaromin,Polska,https://flagcdn.com/w40/pl.png,pomocnik,04.03.1979,46,13,2004/05,13.0
Idrissa Cissé,Senegal,https://flagcdn.com/w40/sn.png,napastnik,01.01.1990,35,12,2014/15,12.0
Ilir Pali,Australia / Albania / Czarnogóra,https://flagcdn.com/w40/au.png,pomocnik,10.08.1995,30,1,2016/17,1.0
Ireneusz Jeleń,Polska,https://flagcdn.com/w40/pl.png,napastnik,09.04.1981,44,7,2012/13,7.0
Ivan Ćurić,Chorwacja,https://flagcdn.com/w40/hr.png,napastnik,18.05.1987,38,6,2011/12,6.0
Iván Martín,Hiszpania,https://flagcdn.com/w40/es.png,napastnik,04.03.1995,30,17,2019/20,11.0
Iván Martín,Hiszpania,https://flagcdn.com/w40/es.png,napastnik,04.03.1995,30,17,2020/21,6.0
Iwajło Markow,Bułgaria,https://flagcdn.com/w40/bg.png,obrońca,05.06.1997,28,22,2022/23,22.0
Jacek Broniewicz,Polska,https://flagcdn.com/w40/pl.png,obrońca,18.09.1981,44,33,2009/10,9.0
Jacek Broniewicz,Polska,https://flagcdn.com/w40/pl.png,obrońca,18.09.1981,44,33,2010/11,23.0
Jacek Broniewicz,Polska,https://flagcdn.com/w40/pl.png,obrońca,18.09.1981,44,33,2011/12,1.0
Jacek Czernek,Polska,https://flagcdn.com/w40/pl.png,,,125,15,1997/98,15.0
Jacek Imianowski,Polska,https://flagcdn.com/w40/pl.png,obrońca,09.02.1981,44,5,2005/06,5.0
Jacek Paczkowski,Polska,https://flagcdn.com/w40/pl.png,obrońca,02.09.1981,44,1,2007/08,1.0
Jaka Kolenc,Słowenia,https://flagcdn.com/w40/si.png,pomocnik,23.02.1994,31,23,2023/24,23.0
Jakub Bieroński,Polska,https://flagcdn.com/w40/pl.png,pomocnik,18.04.2003,22,66,2018/19,3.0
Jakub Bieroński,Polska,https://flagcdn.com/w40/pl.png,pomocnik,18.04.2003,22,66,2019/20,5.0
Jakub Bieroński,Polska,https://flagcdn.com/w40/pl.png,pomocnik,18.04.2003,22,66,2020/21,17.0
Jakub Bieroński,Polska,https://flagcdn.com/w40/pl.png,pomocnik,18.04.2003,22,66,2021/22,24.0
Jakub Bieroński,Polska,https://flagcdn.com/w40/pl.png,pomocnik,18.04.2003,22,66,2022/23,17.0
Jakub Bąk,Polska,https://flagcdn.com/w40/pl.png,pomocnik,28.05.1993,32,10,2018/19,10.0
Jakub Hora,Czechy,https://flagcdn.com/w40/cz.png,pomocnik,23.02.1991,34,16,2020/21,16.0
Jakub Kisiel,Polska,https://flagcdn.com/w40/pl.png,pomocnik,05.02.2003,22,26,2023/24,26.0
Jakub Kowalski,Polska,https://flagcdn.com/w40/pl.png,pomocnik,09.10.1987,38,34,2015/16,34.0
Jan Blažek,Czechy,https://flagcdn.com/w40/cz.png,napastnik,20.03.1988,37,5,2013/14,5.0
Jan Hlavica,Czechy,https://flagcdn.com/w40/cz.png,obrońca,17.07.1994,31,23,2023/24,23.0
Jan Majsterek,Polska,https://flagcdn.com/w40/pl.png,obrońca,09.06.2000,25,47,2024/25,28.0
Jan Majsterek,Polska,https://flagcdn.com/w40/pl.png,obrońca,09.06.2000,25,47,2025/26,19.0
Janusz Pancer,Polska,https://flagcdn.com/w40/pl.png,,,125,10,1999/00,10.0
Janusz Surdykowski,Polska,https://flagcdn.com/w40/pl.png,napastnik,04.05.1986,39,9,2007/08,9.0
Jarosław Białek,Polska,https://flagcdn.com/w40/pl.png,pomocnik,22.02.1981,44,7,2008/09,3.0
Jarosław Białek,Polska,https://flagcdn.com/w40/pl.png,pomocnik,22.02.1981,44,7,2009/10,4.0
Jarosław Bujok,Polska,https://flagcdn.com/w40/pl.png,obrońca,04.09.1974,51,196,1999/00,34.0
Jarosław Bujok,Polska,https://flagcdn.com/w40/pl.png,obrońca,04.09.1974,51,196,2000/01,32.0
Jarosław Bujok,Polska,https://flagcdn.com/w40/pl.png,obrońca,04.09.1974,51,196,2001/02,31.0
Jarosław Bujok,Polska,https://flagcdn.com/w40/pl.png,obrońca,04.09.1974,51,196,2002/03,31.0
Jarosław Bujok,Polska,https://flagcdn.com/w40/pl.png,obrońca,04.09.1974,51,196,2003/04,31.0
Jarosław Bujok,Polska,https://flagcdn.com/w40/pl.png,obrońca,04.09.1974,51,196,2004/05,37.0
Jarosław Gawłowski,Polska,https://flagcdn.com/w40/pl.png,,,125,13,1997/98,13.0
Jarosław Matusiak,Polska,https://flagcdn.com/w40/pl.png,bramkarz,15.02.1965,60,102,1998/99,1.0
Jarosław Matusiak,Polska,https://flagcdn.com/w40/pl.png,bramkarz,15.02.1965,60,102,1999/00,34.0
Jarosław Matusiak,Polska,https://flagcdn.com/w40/pl.png,bramkarz,15.02.1965,60,102,2000/01,38.0
Jarosław Matusiak,Polska,https://flagcdn.com/w40/pl.png,bramkarz,15.02.1965,60,102,2001/02,29.0
Jeppe Simonsen,Haiti / Dania,https://flagcdn.com/w40/ht.png,obrońca,21.11.1995,30,51,2021/22,14.0
Jeppe Simonsen,Haiti / Dania,https://flagcdn.com/w40/ht.png,obrońca,21.11.1995,30,51,2022/23,33.0
Jeppe Simonsen,Haiti / Dania,https://flagcdn.com/w40/ht.png,obrońca,21.11.1995,30,51,2023/24,4.0
Joachim Mikler,Polska,https://flagcdn.com/w40/pl.png,bramkarz,15.11.1988,37,12,2009/10,12.0
Jozef Dolný,Słowacja,https://flagcdn.com/w40/sk.png,pomocnik,13.05.1992,33,11,2016/17,11.0
Jozef Piaček,Słowacja,https://flagcdn.com/w40/sk.png,obrońca,20.06.1983,42,42,2015/16,14.0
Jozef Piaček,Słowacja,https://flagcdn.com/w40/sk.png,obrońca,20.06.1983,42,42,2016/17,28.0
Julio Rodríguez,Hiszpania,https://flagcdn.com/w40/es.png,obrońca,07.12.1995,30,53,2021/22,30.0
Julio Rodríguez,Hiszpania,https://flagcdn.com/w40/es.png,obrońca,07.12.1995,30,53,2022/23,23.0
Juraj Dančík,Słowacja,https://flagcdn.com/w40/sk.png,obrońca,21.02.1982,43,124,2007/08,24.0
Juraj Dančík,Słowacja,https://flagcdn.com/w40/sk.png,obrońca,21.02.1982,43,124,2008/09,20.0
Juraj Dančík,Słowacja,https://flagcdn.com/w40/sk.png,obrońca,21.02.1982,43,124,2009/10,27.0
Juraj Dančík,Słowacja,https://flagcdn.com/w40/sk.png,obrońca,21.02.1982,43,124,2010/11,25.0
Juraj Dančík,Słowacja,https://flagcdn.com/w40/sk.png,obrońca,21.02.1982,43,124,2011/12,22.0
Juraj Dančík,Słowacja,https://flagcdn.com/w40/sk.png,obrońca,21.02.1982,43,124,2012/13,6.0
Kacper Gach,Polska,https://flagcdn.com/w40/pl.png,obrońca,11.07.1998,27,101,2017/18,1.0
Kacper Gach,Polska,https://flagcdn.com/w40/pl.png,obrońca,11.07.1998,27,101,2018/19,8.0
Kacper Gach,Polska,https://flagcdn.com/w40/pl.png,obrońca,11.07.1998,27,101,2019/20,19.0
Kacper Gach,Polska,https://flagcdn.com/w40/pl.png,obrońca,11.07.1998,27,101,2020/21,13.0
Kacper Gach,Polska,https://flagcdn.com/w40/pl.png,obrońca,11.07.1998,27,101,2021/22,18.0
Kacper Gach,Polska,https://flagcdn.com/w40/pl.png,obrońca,11.07.1998,27,101,2024/25,27.0
Kacper Gach,Polska,https://flagcdn.com/w40/pl.png,obrońca,11.07.1998,27,101,2025/26,15.0
Kacper Kostorz,Polska,https://flagcdn.com/w40/pl.png,napastnik,21.08.1999,26,59,2016/17,2.0
Kacper Kostorz,Polska,https://flagcdn.com/w40/pl.png,napastnik,21.08.1999,26,59,2017/18,22.0
Kacper Kostorz,Polska,https://flagcdn.com/w40/pl.png,napastnik,21.08.1999,26,59,2018/19,35.0
Kacper Krzepisz,Polska,https://flagcdn.com/w40/pl.png,bramkarz,16.12.1999,26,6,2023/24,6.0
Kacper Piątek,Polska,https://flagcdn.com/w40/pl.png,pomocnik,22.10.2000,25,11,2025/26,11.0
Kacper Wełniak,Polska,https://flagcdn.com/w40/pl.png,napastnik,21.05.2000,25,24,2021/22,17.0
Kacper Wełniak,Polska,https://flagcdn.com/w40/pl.png,napastnik,21.05.2000,25,24,2022/23,7.0
Kamil Adamek,Polska,https://flagcdn.com/w40/pl.png,napastnik,09.02.1989,36,11,2012/13,11.0
Kamil Biliński,Polska,https://flagcdn.com/w40/pl.png,napastnik,23.01.1988,37,106,2019/20,12.0
Kamil Biliński,Polska,https://flagcdn.com/w40/pl.png,napastnik,23.01.1988,37,106,2020/21,27.0
Kamil Biliński,Polska,https://flagcdn.com/w40/pl.png,napastnik,23.01.1988,37,106,2021/22,33.0
Kamil Biliński,Polska,https://flagcdn.com/w40/pl.png,napastnik,23.01.1988,37,106,2022/23,34.0
Kamil Jonkisz,Polska,https://flagcdn.com/w40/pl.png,napastnik,29.08.1995,30,3,2016/17,3.0
Kamil Konieczny,Polska,https://flagcdn.com/w40/pl.png,pomocnik,17.04.1982,43,8,2005/06,3.0
Kamil Konieczny,Polska,https://flagcdn.com/w40/pl.png,pomocnik,17.04.1982,43,8,2006/07,2.0
Kamil Konieczny,Polska,https://flagcdn.com/w40/pl.png,pomocnik,17.04.1982,43,8,2007/08,3.0
Kamil Kurowski,Polska,https://flagcdn.com/w40/pl.png,pomocnik,04.09.1994,31,3,2013/14,3.0
Kamil Wiktorski,Polska,https://flagcdn.com/w40/pl.png,obrońca,12.03.1993,32,55,2017/18,28.0
Kamil Wiktorski,Polska,https://flagcdn.com/w40/pl.png,obrońca,12.03.1993,32,55,2018/19,26.0
Kamil Wiktorski,Polska,https://flagcdn.com/w40/pl.png,obrońca,12.03.1993,32,55,2019/20,1.0
Kania,Polska,https://flagcdn.com/w40/pl.png,,,125,1,1998/99,1.0
Karol Danielak,Polska,https://flagcdn.com/w40/pl.png,pomocnik,29.09.1991,34,60,2019/20,33.0
Karol Danielak,Polska,https://flagcdn.com/w40/pl.png,pomocnik,29.09.1991,34,60,2020/21,27.0
Karol Stawecki,Polska,https://flagcdn.com/w40/pl.png,napastnik,18.06.1978,47,31,2001/02,31.0
Dariusz Kolber,Polska,https://flagcdn.com/w40/pl.png,,12.03.1980,125,4,2001/02,4.0
Konrad Forenc,Polska,https://flagcdn.com/w40/pl.png,bramkarz,17.07.1992,33,42,2024/25,32.0
Konrad Forenc,Polska,https://flagcdn.com/w40/pl.png,bramkarz,17.07.1992,33,42,2025/26,10.0
Konrad Gutowski,Polska,https://flagcdn.com/w40/pl.png,obrońca,22.02.1999,26,35,2020/21,5.0
Konrad Gutowski,Polska,https://flagcdn.com/w40/pl.png,obrońca,22.02.1999,26,35,2021/22,30.0
Konrad Sieracki,Polska,https://flagcdn.com/w40/pl.png,pomocnik,08.07.2000,25,19,2019/20,19.0
Kornel Osyra,Polska,https://flagcdn.com/w40/pl.png,obrońca,07.02.1993,32,54,2019/20,32.0
Kornel Osyra,Polska,https://flagcdn.com/w40/pl.png,obrońca,07.02.1993,32,54,2020/21,2.0
Kornel Osyra,Polska,https://flagcdn.com/w40/pl.png,obrońca,07.02.1993,32,54,2024/25,17.0
Kornel Osyra,Polska,https://flagcdn.com/w40/pl.png,obrońca,07.02.1993,32,54,2025/26,3.0
Konrad Koźmiński,Polska,https://flagcdn.com/w40/pl.png,napastnik,25.01.1983,125,3,1999/00,1.0
Konrad Koźmiński,Polska,https://flagcdn.com/w40/pl.png,napastnik,25.01.1983,125,3,2001/02,2.0
Kristián Kolčák,Słowacja,https://flagcdn.com/w40/sk.png,obrońca,30.01.1990,35,40,2014/15,17.0
Kristián Kolčák,Słowacja,https://flagcdn.com/w40/sk.png,obrońca,30.01.1990,35,40,2015/16,23.0
Krystian Gańcarczyk,Polska,https://flagcdn.com/w40/pl.png,obrońca,22.03.1978,125,80,1997/98,26.0
Krystian Gańcarczyk,Polska,https://flagcdn.com/w40/pl.png,obrońca,22.03.1978,125,80,1998/99,18.0
Krystian Gańcarczyk,Polska,https://flagcdn.com/w40/pl.png,obrońca,22.03.1978,125,80,1999/00,5.0
Krystian Gańcarczyk,Polska,https://flagcdn.com/w40/pl.png,obrońca,22.03.1978,125,80,2000/01,1.0
Krystian Nowak,Polska,https://flagcdn.com/w40/pl.png,obrońca,01.04.1994,31,21,2015/16,21.0
Krystian Wieczorek,Polska,https://flagcdn.com/w40/pl.png,bramkarz,22.07.2002,23,13,2022/23,1.0
Krystian Wieczorek,Polska,https://flagcdn.com/w40/pl.png,bramkarz,22.07.2002,23,13,2024/25,4.0
Krystian Wieczorek,Polska,https://flagcdn.com/w40/pl.png,bramkarz,22.07.2002,23,13,2025/26,8.0
Krzysztof Butryn,Polska,https://flagcdn.com/w40/pl.png,pomocnik,17.11.1981,44,27,2006/07,24.0
Krzysztof Butryn,Polska,https://flagcdn.com/w40/pl.png,pomocnik,17.11.1981,44,27,2007/08,3.0
Krzysztof Chrapek,Polska,https://flagcdn.com/w40/pl.png,napastnik,07.10.1985,40,140,2005/06,14.0
Krzysztof Chrapek,Polska,https://flagcdn.com/w40/pl.png,napastnik,07.10.1985,40,140,2006/07,30.0
Krzysztof Chrapek,Polska,https://flagcdn.com/w40/pl.png,napastnik,07.10.1985,40,140,2007/08,29.0
Krzysztof Chrapek,Polska,https://flagcdn.com/w40/pl.png,napastnik,07.10.1985,40,140,2008/09,32.0
Krzysztof Chrapek,Polska,https://flagcdn.com/w40/pl.png,napastnik,07.10.1985,40,140,2013/14,19.0
Krzysztof Chrapek,Polska,https://flagcdn.com/w40/pl.png,napastnik,07.10.1985,40,140,2014/15,16.0
Krzysztof Drzazga,Polska,https://flagcdn.com/w40/pl.png,napastnik,20.06.1995,30,31,2022/23,31.0
Krzysztof Kolanko,Polska,https://flagcdn.com/w40/pl.png,pomocnik,03.08.2006,19,17,2025/26,17.0
Krzysztof Kowalczyk,Polska,https://flagcdn.com/w40/pl.png,pomocnik,11.03.1979,46,27,2005/06,27.0
Krzysztof Król,Polska,https://flagcdn.com/w40/pl.png,obrońca,06.02.1987,38,35,2011/12,20.0
Krzysztof Król,Polska,https://flagcdn.com/w40/pl.png,obrońca,06.02.1987,38,35,2012/13,15.0
Krzysztof Michałowski,Polska,https://flagcdn.com/w40/pl.png,bramkarz,04.01.1984,41,18,2005/06,5.0
Krzysztof Michałowski,Polska,https://flagcdn.com/w40/pl.png,bramkarz,04.01.1984,41,18,2006/07,13.0
Krzysztof Nolka,Polska,https://flagcdn.com/w40/pl.png,bramkarz,,125,87,1997/98,27.0
Krzysztof Nolka,Polska,https://flagcdn.com/w40/pl.png,bramkarz,,125,87,1998/99,20.0
Krzysztof Skrzyp,Polska,https://flagcdn.com/w40/pl.png,,,125,9,1997/98,9.0
Krzysztof Szczygieł,Polska,https://flagcdn.com/w40/pl.png,,,125,40,1997/98,11.0
Krzysztof Wiesner,Polska,https://flagcdn.com/w40/pl.png,pomocnik,13.10.2009,16,1,2025/26,1.0
Krzysztof Zagórski,Polska,https://flagcdn.com/w40/pl.png,napastnik,04.02.1967,58,56,1998/99,22.0
Krzysztof Zaremba,Polska,https://flagcdn.com/w40/pl.png,pomocnik,08.12.1987,38,54,2006/07,7.0
Krzysztof Zaremba,Polska,https://flagcdn.com/w40/pl.png,pomocnik,08.12.1987,38,54,2007/08,12.0
Krzysztof Zaremba,Polska,https://flagcdn.com/w40/pl.png,pomocnik,08.12.1987,38,54,2008/09,26.0
Krzysztof Zaremba,Polska,https://flagcdn.com/w40/pl.png,pomocnik,08.12.1987,38,54,2010/11,9.0
Krzysztof Świątek,Polska,https://flagcdn.com/w40/pl.png,pomocnik,13.01.1987,38,5,2009/10,5.0
Kōhei Katō,Japonia,https://flagcdn.com/w40/jp.png,pomocnik,14.06.1989,36,37,2015/16,37.0
Ladislav Rybánsky,Słowacja,https://flagcdn.com/w40/sk.png,bramkarz,19.12.1984,41,13,2013/14,13.0
Liad Elmalich,Izrael,https://flagcdn.com/w40/il.png,pomocnik,21.02.1989,36,5,2011/12,5.0
Linus Rönnberg,Finlandia,https://flagcdn.com/w40/fi.png,napastnik,13.01.2003,22,35,2024/25,35.0
Lionel Abate Etoundi,Kamerun,https://flagcdn.com/w40/cm.png,napastnik,25.09.2000,25,40,2022/23,2.0
Lionel Abate Etoundi,Kamerun,https://flagcdn.com/w40/cm.png,napastnik,25.09.2000,25,40,2023/24,25.0
Lionel Abate Etoundi,Kamerun,https://flagcdn.com/w40/cm.png,napastnik,25.09.2000,25,40,2024/25,13.0
Liran Cohen,Izrael,https://flagcdn.com/w40/il.png,pomocnik,14.02.1983,42,36,2011/12,20.0
Liran Cohen,Izrael,https://flagcdn.com/w40/il.png,pomocnik,14.02.1983,42,36,2012/13,16.0
Lucjan Klisiewicz,Polska,https://flagcdn.com/w40/pl.png,napastnik,20.04.2002,23,49,2024/25,32.0
Lucjan Klisiewicz,Polska,https://flagcdn.com/w40/pl.png,napastnik,20.04.2002,23,49,2025/26,17.0
Lukáš Hojdys,Czechy,https://flagcdn.com/w40/cz.png,napastnik,28.11.1984,41,3,2002/03,3.0
Lukáš Janič,Słowacja,https://flagcdn.com/w40/sk.png,pomocnik,30.12.1986,38,8,2015/16,8.0
Maciej Felsch,Polska,https://flagcdn.com/w40/pl.png,obrońca,31.05.1998,27,1,2014/15,1.0
Maciej Górski,Polska,https://flagcdn.com/w40/pl.png,napastnik,01.03.1990,35,33,2024/25,14.0
Maciej Górski,Polska,https://flagcdn.com/w40/pl.png,napastnik,01.03.1990,35,33,2025/26,19.0
Maciej Iwański,Polska,https://flagcdn.com/w40/pl.png,pomocnik,07.05.1981,44,49,2013/14,16.0
Maciej Iwański,Polska,https://flagcdn.com/w40/pl.png,pomocnik,07.05.1981,44,49,2014/15,33.0
Maciej Korzym,Polska,https://flagcdn.com/w40/pl.png,napastnik,02.05.1988,37,25,2014/15,23.0
Maciej Korzym,Polska,https://flagcdn.com/w40/pl.png,napastnik,02.05.1988,37,25,2015/16,2.0
Maciej Kowalski-Haberek,Polska,https://flagcdn.com/w40/pl.png,obrońca,16.05.1994,31,31,2021/22,31.0
Maciej Matejko,Polska,https://flagcdn.com/w40/pl.png,,,125,23,1997/98,13.0
Maciej Matejko,Polska,https://flagcdn.com/w40/pl.png,,,125,23,1998/99,10.0
Maciej Rogalski,Polska,https://flagcdn.com/w40/pl.png,pomocnik,21.05.1980,45,53,2010/11,34.0
Maciej Rogalski,Polska,https://flagcdn.com/w40/pl.png,pomocnik,21.05.1980,45,53,2011/12,19.0
Maciej Szmatiuk,Polska,https://flagcdn.com/w40/pl.png,obrońca,09.05.1980,45,66,2007/08,33.0
Maciej Szmatiuk,Polska,https://flagcdn.com/w40/pl.png,obrońca,09.05.1980,45,66,2008/09,33.0
Maksymilian Banaszewski,Polska,https://flagcdn.com/w40/pl.png,pomocnik,22.03.1995,30,34,2023/24,34.0
Maksymilian Biskup,Polska,https://flagcdn.com/w40/pl.png,pomocnik,16.08.2006,19,6,2024/25,6.0
Maksymilian Nowak,Polska,https://flagcdn.com/w40/pl.png,pomocnik,03.08.2004,21,1,2022/23,1.0
Maksymilian Sitek,Polska,https://flagcdn.com/w40/pl.png,pomocnik,04.12.2000,25,95,2020/21,19.0
Maksymilian Sitek,Polska,https://flagcdn.com/w40/pl.png,pomocnik,04.12.2000,25,95,2022/23,29.0
Maksymilian Sitek,Polska,https://flagcdn.com/w40/pl.png,pomocnik,04.12.2000,25,95,2023/24,29.0
Maksymilian Sitek,Polska,https://flagcdn.com/w40/pl.png,pomocnik,04.12.2000,25,95,2025/26,18.0
Marcel Misztal,Polska,https://flagcdn.com/w40/pl.png,pomocnik,07.11.2003,22,79,2021/22,6.0
Marcel Misztal,Polska,https://flagcdn.com/w40/pl.png,pomocnik,07.11.2003,22,79,2022/23,29.0
Marcel Misztal,Polska,https://flagcdn.com/w40/pl.png,pomocnik,07.11.2003,22,79,2023/24,30.0
Marcel Misztal,Polska,https://flagcdn.com/w40/pl.png,pomocnik,07.11.2003,22,79,2024/25,14.0
Marcin Biernat,Polska,https://flagcdn.com/w40/pl.png,obrońca,28.05.1992,33,49,2024/25,30.0
Marcin Biernat,Polska,https://flagcdn.com/w40/pl.png,obrońca,28.05.1992,33,49,2025/26,19.0
Marcin Domagała,Polska,https://flagcdn.com/w40/pl.png,,11.03.1976,125,24,2000/01,24.0
Marcin Folga,Polska,https://flagcdn.com/w40/pl.png,napastnik,31.03.1977,48,6,2001/02,6.0
Marcin Hirsz,Polska,https://flagcdn.com/w40/pl.png,obrońca,04.01.1980,45,55,2005/06,8.0
Marcin Hirsz,Polska,https://flagcdn.com/w40/pl.png,obrońca,04.01.1980,45,55,2006/07,15.0
Marcin Hirsz,Polska,https://flagcdn.com/w40/pl.png,obrońca,04.01.1980,45,55,2007/08,23.0
Marcin Hirsz,Polska,https://flagcdn.com/w40/pl.png,obrońca,04.01.1980,45,55,2008/09,9.0
Marcin Józefowicz,Polska,https://flagcdn.com/w40/pl.png,napastnik,31.01.1977,48,24,2006/07,24.0
Marcin Klaczka,Polska,https://flagcdn.com/w40/pl.png,obrońca,13.08.1973,52,59,2002/03,31.0
Marcin Klaczka,Polska,https://flagcdn.com/w40/pl.png,obrońca,13.08.1973,52,59,2003/04,28.0
Marcin Kocur,Polska,https://flagcdn.com/w40/pl.png,napastnik,29.01.1984,41,35,2006/07,30.0
Marcin Kocur,Polska,https://flagcdn.com/w40/pl.png,napastnik,29.01.1984,41,35,2007/08,5.0
Marcin Makuch,Polska,https://flagcdn.com/w40/pl.png,obrońca,03.04.1980,45,30,2004/05,17.0
Marcin Makuch,Polska,https://flagcdn.com/w40/pl.png,obrońca,03.04.1980,45,30,2005/06,13.0
Marcin Pęszor,Polska,https://flagcdn.com/w40/pl.png,napastnik,05.07.1989,36,1,2007/08,1.0
Marcin Radzewicz,Polska,https://flagcdn.com/w40/pl.png,pomocnik,30.06.1980,45,20,2000/01,20.0
Marcin Sierczyński,Polska,https://flagcdn.com/w40/pl.png,obrońca,12.04.1991,34,6,2017/18,6.0
Marcin Urynowicz,Polska,https://flagcdn.com/w40/pl.png,napastnik,16.03.1996,29,30,2024/25,14.0
Marcin Urynowicz,Polska,https://flagcdn.com/w40/pl.png,napastnik,16.03.1996,29,30,2025/26,16.0
Marcin Wielgus,Polska,https://flagcdn.com/w40/pl.png,napastnik,22.09.1980,45,11,2006/07,11.0
Marcin Wodecki,Polska,https://flagcdn.com/w40/pl.png,pomocnik,14.01.1988,37,27,2012/13,10.0
Marcin Wodecki,Polska,https://flagcdn.com/w40/pl.png,pomocnik,14.01.1988,37,27,2013/14,17.0
Marcin Wróbel,Polska,https://flagcdn.com/w40/pl.png,napastnik,28.11.1984,41,3,2006/07,3.0
Marcin Ślęzak,Polska,https://flagcdn.com/w40/pl.png,bramkarz,,125,20,1997/98,1.0
Marcin Ślęzak,Polska,https://flagcdn.com/w40/pl.png,bramkarz,,125,20,1998/99,16.0
Marcin Żukowski,Polska,https://flagcdn.com/w40/pl.png,pomocnik,03.06.1981,44,49,2002/03,27.0
Marcin Żukowski,Polska,https://flagcdn.com/w40/pl.png,pomocnik,03.06.1981,44,49,2003/04,22.0
Marco Siverio,Hiszpania,https://flagcdn.com/w40/es.png,napastnik,04.10.1994,31,5,2023/24,5.0
Marco Túlio,Brazylia,https://flagcdn.com/w40/br.png,obrońca,31.05.1998,27,10,2020/21,10.0
Marek Matuszek,Polska,https://flagcdn.com/w40/pl.png,bramkarz,13.11.1970,55,26,2003/04,6.0
Marek Matuszek,Polska,https://flagcdn.com/w40/pl.png,bramkarz,13.11.1970,55,26,2004/05,14.0
Marek Matuszek,Polska,https://flagcdn.com/w40/pl.png,bramkarz,13.11.1970,55,26,2005/06,6.0
Marek Móll,Polska,https://flagcdn.com/w40/pl.png,,26.06.1968,57,40,1997/98,25.0
Marek Móll,Polska,https://flagcdn.com/w40/pl.png,,26.06.1968,57,40,1998/99,15.0
Marek Sokołowski,Polska,https://flagcdn.com/w40/pl.png,pomocnik,11.03.1978,47,287,1997/98,28.0
Marek Sokołowski,Polska,https://flagcdn.com/w40/pl.png,pomocnik,11.03.1978,47,287,1998/99,30.0
Marek Sokołowski,Polska,https://flagcdn.com/w40/pl.png,pomocnik,11.03.1978,47,287,1999/00,32.0
Marek Sokołowski,Polska,https://flagcdn.com/w40/pl.png,pomocnik,11.03.1978,47,287,2000/01,18.0
Marek Sokołowski,Polska,https://flagcdn.com/w40/pl.png,pomocnik,11.03.1978,47,287,2002/03,7.0
Marek Sokołowski,Polska,https://flagcdn.com/w40/pl.png,pomocnik,11.03.1978,47,287,2010/11,12.0
Marek Sokołowski,Polska,https://flagcdn.com/w40/pl.png,pomocnik,11.03.1978,47,287,2011/12,25.0
Marek Sokołowski,Polska,https://flagcdn.com/w40/pl.png,pomocnik,11.03.1978,47,287,2012/13,26.0
Marek Sokołowski,Polska,https://flagcdn.com/w40/pl.png,pomocnik,11.03.1978,47,287,2013/14,29.0
Marek Sokołowski,Polska,https://flagcdn.com/w40/pl.png,pomocnik,11.03.1978,47,287,2014/15,31.0
Marek Sokołowski,Polska,https://flagcdn.com/w40/pl.png,pomocnik,11.03.1978,47,287,2015/16,29.0
Marek Sokołowski,Polska,https://flagcdn.com/w40/pl.png,pomocnik,11.03.1978,47,287,2016/17,20.0
Mariusz Gałgan,Polska,https://flagcdn.com/w40/pl.png,napastnik,15.06.1976,49,43,2000/01,16.0
Mariusz Gałgan,Polska,https://flagcdn.com/w40/pl.png,napastnik,15.06.1976,49,43,2002/03,27.0
Mariusz Jendryczko,Polska,https://flagcdn.com/w40/pl.png,obrońca,26.06.1973,52,162,1998/99,31.0
Mariusz Jendryczko,Polska,https://flagcdn.com/w40/pl.png,obrońca,26.06.1973,52,162,1999/00,26.0
Mariusz Jendryczko,Polska,https://flagcdn.com/w40/pl.png,obrońca,26.06.1973,52,162,2000/01,33.0
Mariusz Jendryczko,Polska,https://flagcdn.com/w40/pl.png,obrońca,26.06.1973,52,162,2001/02,29.0
Mariusz Jendryczko,Polska,https://flagcdn.com/w40/pl.png,obrońca,26.06.1973,52,162,2002/03,28.0
Mariusz Jendryczko,Polska,https://flagcdn.com/w40/pl.png,obrońca,26.06.1973,52,162,2003/04,15.0
Mariusz Magiera,Polska,https://flagcdn.com/w40/pl.png,obrońca,25.08.1984,41,42,2016/17,34.0
Mariusz Magiera,Polska,https://flagcdn.com/w40/pl.png,obrońca,25.08.1984,41,42,2017/18,8.0
Mariusz Malec,Polska,https://flagcdn.com/w40/pl.png,obrońca,04.04.1995,30,36,2016/17,4.0
Mariusz Malec,Polska,https://flagcdn.com/w40/pl.png,obrońca,04.04.1995,30,36,2017/18,32.0
Mariusz Masternak,Polska,https://flagcdn.com/w40/pl.png,obrońca,12.02.1976,49,35,2005/06,35.0
Mariusz Mikoda,Polska,https://flagcdn.com/w40/pl.png,obrońca,13.09.1992,33,3,2010/11,3.0
Mariusz Sacha,Polska,https://flagcdn.com/w40/pl.png,pomocnik,19.07.1987,38,133,2004/05,8.0
Mariusz Sacha,Polska,https://flagcdn.com/w40/pl.png,pomocnik,19.07.1987,38,133,2005/06,32.0
Mariusz Sacha,Polska,https://flagcdn.com/w40/pl.png,pomocnik,19.07.1987,38,133,2006/07,29.0
Mariusz Sacha,Polska,https://flagcdn.com/w40/pl.png,pomocnik,19.07.1987,38,133,2007/08,25.0
Mariusz Sacha,Polska,https://flagcdn.com/w40/pl.png,pomocnik,19.07.1987,38,133,2008/09,19.0
Mariusz Sacha,Polska,https://flagcdn.com/w40/pl.png,pomocnik,19.07.1987,38,133,2011/12,15.0
Mariusz Sacha,Polska,https://flagcdn.com/w40/pl.png,pomocnik,19.07.1987,38,133,2012/13,5.0
Mariusz Sibik,Polska,https://flagcdn.com/w40/pl.png,,,125,35,1998/99,25.0
Mariusz Sibik,Polska,https://flagcdn.com/w40/pl.png,,,125,35,1999/00,10.0
Marko Martinaga,Chorwacja,https://flagcdn.com/w40/hr.png,obrońca,27.05.1998,27,15,2023/24,15.0
Marko Roginić,Chorwacja,https://flagcdn.com/w40/hr.png,napastnik,05.09.1995,30,79,2018/19,10.0
Marko Roginić,Chorwacja,https://flagcdn.com/w40/hr.png,napastnik,05.09.1995,30,79,2019/20,32.0
Marko Roginić,Chorwacja,https://flagcdn.com/w40/hr.png,napastnik,05.09.1995,30,79,2020/21,23.0
Marko Roginić,Chorwacja,https://flagcdn.com/w40/hr.png,napastnik,05.09.1995,30,79,2021/22,14.0
Marko Ćetković,Czarnogóra,https://flagcdn.com/w40/me.png,pomocnik,10.07.1986,39,9,2012/13,9.0
Martin Baran,Słowacja,https://flagcdn.com/w40/sk.png,obrońca,03.01.1988,37,5,2016/17,5.0
Martin Chlumecký,Czechy,https://flagcdn.com/w40/cz.png,obrońca,11.01.1997,28,18,2023/24,18.0
Martin Matúš,Słowacja,https://flagcdn.com/w40/sk.png,napastnik,09.03.1982,43,69,2007/08,33.0
Martin Matúš,Słowacja,https://flagcdn.com/w40/sk.png,napastnik,09.03.1982,43,69,2008/09,23.0
Martin Matúš,Słowacja,https://flagcdn.com/w40/sk.png,napastnik,09.03.1982,43,69,2009/10,13.0
Martin Polaček,Słowacja,https://flagcdn.com/w40/sk.png,bramkarz,02.04.1990,35,51,2019/20,26.0
Martin Polaček,Słowacja,https://flagcdn.com/w40/sk.png,bramkarz,02.04.1990,35,51,2020/21,6.0
Martin Polaček,Słowacja,https://flagcdn.com/w40/sk.png,bramkarz,02.04.1990,35,51,2021/22,19.0
Matej Mršić,Chorwacja,https://flagcdn.com/w40/hr.png,pomocnik,13.01.1994,31,30,2024/25,30.0
Matej Náther,Słowacja,https://flagcdn.com/w40/sk.png,pomocnik,23.07.1985,40,30,2011/12,21.0
Matej Náther,Słowacja,https://flagcdn.com/w40/sk.png,pomocnik,23.07.1985,40,30,2012/13,9.0
Matej Senić,Chorwacja,https://flagcdn.com/w40/hr.png,obrońca,21.02.1995,30,14,2023/24,14.0
Mateusz Bąk,Polska,https://flagcdn.com/w40/pl.png,bramkarz,24.02.1983,42,16,2011/12,12.0
Mateusz Bąk,Polska,https://flagcdn.com/w40/pl.png,bramkarz,24.02.1983,42,16,2012/13,4.0
Mateusz Cieluch,Polska,https://flagcdn.com/w40/pl.png,napastnik,21.10.1987,38,3,2009/10,3.0
Mateusz Janeczko,Polska,https://flagcdn.com/w40/pl.png,pomocnik,30.11.1994,31,8,2011/12,1.0
Mateusz Janeczko,Polska,https://flagcdn.com/w40/pl.png,pomocnik,30.11.1994,31,8,2012/13,6.0
Mateusz Janeczko,Polska,https://flagcdn.com/w40/pl.png,pomocnik,30.11.1994,31,8,2015/16,1.0
Mateusz Kizyma,Polska,https://flagcdn.com/w40/pl.png,pomocnik,08.07.2002,23,47,2024/25,28.0
Mateusz Kizyma,Polska,https://flagcdn.com/w40/pl.png,pomocnik,08.07.2002,23,47,2025/26,19.0
Mateusz Kupczak,Polska,https://flagcdn.com/w40/pl.png,pomocnik,20.02.1992,33,11,2013/14,11.0
Mateusz Lis,Polska,https://flagcdn.com/w40/pl.png,bramkarz,27.02.1997,28,4,2016/17,4.0
Mateusz Marzec,Polska,https://flagcdn.com/w40/pl.png,pomocnik,13.08.1994,31,24,2019/20,6.0
Mateusz Marzec,Polska,https://flagcdn.com/w40/pl.png,pomocnik,13.08.1994,31,24,2020/21,18.0
Mateusz Możdżeń,Polska,https://flagcdn.com/w40/pl.png,pomocnik,14.03.1991,34,35,2015/16,35.0
Mateusz Sopoćko,Polska,https://flagcdn.com/w40/pl.png,pomocnik,26.06.1999,26,20,2019/20,20.0
Mateusz Stryjewski,Polska,https://flagcdn.com/w40/pl.png,pomocnik,22.06.1997,28,3,2023/24,3.0
Mateusz Stąporski,Polska,https://flagcdn.com/w40/pl.png,pomocnik,28.01.1988,37,7,2013/14,7.0
Mateusz Szczepaniak,Polska,https://flagcdn.com/w40/pl.png,pomocnik,23.01.1991,34,35,2015/16,35.0
Mateusz Wypych,Polska,https://flagcdn.com/w40/pl.png,obrońca,10.01.1998,27,43,2021/22,23.0
Mateusz Wypych,Polska,https://flagcdn.com/w40/pl.png,obrońca,10.01.1998,27,43,2022/23,18.0
Mateusz Wypych,Polska,https://flagcdn.com/w40/pl.png,obrońca,10.01.1998,27,43,2023/24,2.0
Mateusz Ziółkowski,Polska,https://flagcdn.com/w40/pl.png,pomocnik,29.08.2003,22,39,2023/24,32.0
Mateusz Ziółkowski,Polska,https://flagcdn.com/w40/pl.png,pomocnik,29.08.2003,22,39,2024/25,7.0
Mateusz Żemła,Polska,https://flagcdn.com/w40/pl.png,pomocnik,02.03.1985,40,1,2007/08,1.0
Mateusz Żyła,Polska,https://flagcdn.com/w40/pl.png,pomocnik,16.09.1989,36,10,2009/10,3.0
Mateusz Żyła,Polska,https://flagcdn.com/w40/pl.png,pomocnik,16.09.1989,36,10,2010/11,7.0
Mathieu Scalet,Francja / Polska,https://flagcdn.com/w40/fr.png,pomocnik,01.04.1997,28,37,2021/22,28.0
Mathieu Scalet,Francja / Polska,https://flagcdn.com/w40/fr.png,pomocnik,01.04.1997,28,37,2022/23,9.0
Matvei Igonen,Estonia,https://flagcdn.com/w40/ee.png,bramkarz,02.10.1996,29,41,2021/22,12.0
Matvei Igonen,Estonia,https://flagcdn.com/w40/ee.png,bramkarz,02.10.1996,29,41,2022/23,29.0
Mavroudís Bougaḯdis,Grecja,https://flagcdn.com/w40/gr.png,obrońca,01.06.1993,32,29,2017/18,14.0
Mavroudís Bougaḯdis,Grecja,https://flagcdn.com/w40/gr.png,obrońca,01.06.1993,32,29,2018/19,15.0
Michal Peškovič,Słowacja,https://flagcdn.com/w40/sk.png,bramkarz,08.02.1982,43,49,2014/15,22.0
Michal Peškovič,Słowacja,https://flagcdn.com/w40/sk.png,bramkarz,08.02.1982,43,49,2020/21,23.0
Michal Peškovič,Słowacja,https://flagcdn.com/w40/sk.png,bramkarz,08.02.1982,43,49,2021/22,4.0
Michal Piter-Bučko,Słowacja,https://flagcdn.com/w40/sk.png,obrońca,28.10.1985,40,24,2012/13,24.0
Michał Batelt,Polska,https://flagcdn.com/w40/pl.png,obrońca,23.01.2001,24,1,2019/20,1.0
Michał Bednarski,Polska,https://flagcdn.com/w40/pl.png,pomocnik,31.01.2000,25,31,2024/25,27.0
Michał Bednarski,Polska,https://flagcdn.com/w40/pl.png,pomocnik,31.01.2000,25,31,2025/26,4.0
Michał Janota,Polska,https://flagcdn.com/w40/pl.png,pomocnik,29.07.1990,35,77,2016/17,23.0
Michał Janota,Polska,https://flagcdn.com/w40/pl.png,pomocnik,29.07.1990,35,77,2021/22,18.0
Michał Janota,Polska,https://flagcdn.com/w40/pl.png,pomocnik,29.07.1990,35,77,2022/23,25.0
Michał Janota,Polska,https://flagcdn.com/w40/pl.png,pomocnik,29.07.1990,35,77,2023/24,11.0
Michał Klimczak,Polska,https://flagcdn.com/w40/pl.png,bramkarz,,125,11,1997/98,3.0
Michał Kurzeja,Polska,https://flagcdn.com/w40/pl.png,obrońca,01.02.1971,54,119,1998/99,26.0
Michał Kurzeja,Polska,https://flagcdn.com/w40/pl.png,obrońca,01.02.1971,54,119,1999/00,28.0
Michał Kurzeja,Polska,https://flagcdn.com/w40/pl.png,obrońca,01.02.1971,54,119,2000/01,30.0
Michał Kurzeja,Polska,https://flagcdn.com/w40/pl.png,obrońca,01.02.1971,54,119,2001/02,26.0
Michał Kurzeja,Polska,https://flagcdn.com/w40/pl.png,obrońca,01.02.1971,54,119,2002/03,9.0
Michał Osiński,Polska,https://flagcdn.com/w40/pl.png,obrońca,05.09.1978,47,98,2008/09,28.0
Michał Osiński,Polska,https://flagcdn.com/w40/pl.png,obrońca,05.09.1978,47,98,2009/10,31.0
Michał Osiński,Polska,https://flagcdn.com/w40/pl.png,obrońca,05.09.1978,47,98,2010/11,34.0
Michał Osiński,Polska,https://flagcdn.com/w40/pl.png,obrońca,05.09.1978,47,98,2011/12,5.0
Michał Rzuchowski,Polska,https://flagcdn.com/w40/pl.png,pomocnik,27.12.1993,32,69,2018/19,22.0
Michał Rzuchowski,Polska,https://flagcdn.com/w40/pl.png,pomocnik,27.12.1993,32,69,2019/20,19.0
Michał Rzuchowski,Polska,https://flagcdn.com/w40/pl.png,pomocnik,27.12.1993,32,69,2020/21,28.0
Michał Stempniewicz,Polska,https://flagcdn.com/w40/pl.png,napastnik,21.06.2006,19,3,2023/24,3.0
Michał Stryjewski,Polska,https://flagcdn.com/w40/pl.png,pomocnik,18.09.1995,30,11,2023/24,11.0
Michał Studnicki,Polska,https://flagcdn.com/w40/pl.png,napastnik,28.02.2006,19,1,2023/24,1.0
Michał Willmann,Polska,https://flagcdn.com/w40/pl.png,pomocnik,22.07.2004,21,55,2022/23,4.0
Michał Willmann,Polska,https://flagcdn.com/w40/pl.png,pomocnik,22.07.2004,21,55,2023/24,16.0
Michał Willmann,Polska,https://flagcdn.com/w40/pl.png,pomocnik,22.07.2004,21,55,2024/25,35.0
Mieczysław Agafon,Polska,https://flagcdn.com/w40/pl.png,pomocnik,18.11.1971,54,29,2003/04,29.0
Mieczysław Sikora,Polska,https://flagcdn.com/w40/pl.png,napastnik,06.02.1982,43,25,2003/04,16.0
Mieczysław Sikora,Polska,https://flagcdn.com/w40/pl.png,napastnik,06.02.1982,43,25,2008/09,9.0
Mike Mozie,Nigeria,https://flagcdn.com/w40/ng.png,obrońca,20.03.1978,47,45,2006/07,29.0
Mike Mozie,Nigeria,https://flagcdn.com/w40/ng.png,obrońca,20.03.1978,47,45,2007/08,16.0
Mikołaj Lebedyński,Polska,https://flagcdn.com/w40/pl.png,napastnik,14.10.1990,35,5,2013/14,5.0
Milan Rundić,Serbia,https://flagcdn.com/w40/rs.png,obrońca,29.03.1992,33,22,2020/21,22.0
Miroslav Iličić,Chorwacja,https://flagcdn.com/w40/hr.png,napastnik,17.04.1998,27,10,2023/24,10.0
Mirosław Majdak,Polska,https://flagcdn.com/w40/pl.png,pomocnik,,125,1,1997/98,1.0
Mirosław Marasik,Polska,https://flagcdn.com/w40/pl.png,,,125,2,1997/98,2.0
Miłosz Kozak,Polska,https://flagcdn.com/w40/pl.png,pomocnik,23.05.1997,28,49,2017/18,32.0
Miłosz Kozak,Polska,https://flagcdn.com/w40/pl.png,pomocnik,23.05.1997,28,49,2018/19,17.0
Młynarczyk,Polska,https://flagcdn.com/w40/pl.png,,,125,15,1999/00,15.0
Nalepa,Polska,https://flagcdn.com/w40/pl.png,,,125,5,1999/00,5.0
Ndabenkulu Ncube,Zimbabwe,https://flagcdn.com/w40/zw.png,pomocnik,02.08.1988,37,13,2009/10,13.0
Nermin Haskić,Bośnia i Hercegowina,https://flagcdn.com/w40/ba.png,napastnik,27.06.1989,36,12,2016/17,12.0
Nikołaj Branfiłow,Białoruś,https://flagcdn.com/w40/by.png,obrońca,16.12.1977,48,16,2005/06,16.0
Oleg Wierietiło,Białoruś,https://flagcdn.com/w40/by.png,obrońca,10.07.1988,37,10,2015/16,10.0
Ondřej Šourek,Czechy,https://flagcdn.com/w40/cz.png,obrońca,26.04.1983,42,13,2011/12,13.0
Oskar Zawada,Polska,https://flagcdn.com/w40/pl.png,pomocnik,17.11.2006,19,13,2025/26,13.0
Patmore Shereni,Zimbabwe,https://flagcdn.com/w40/zw.png,obrońca,14.09.1984,41,1,2008/09,1.0
Patrik Lukáč,Słowacja,https://flagcdn.com/w40/sk.png,bramkarz,05.12.1994,31,7,2023/24,7.0
Patryk Krupa,Polska,https://flagcdn.com/w40/pl.png,,,125,12,2001/02,12.0
Patryk Procek,Polska,https://flagcdn.com/w40/pl.png,bramkarz,01.03.1995,30,23,2023/24,23.0
Pavol Staňo,Słowacja,https://flagcdn.com/w40/sk.png,obrońca,29.09.1977,48,30,2014/15,30.0
Paweł Baranowski,Polska,https://flagcdn.com/w40/pl.png,obrońca,11.10.1990,35,22,2008/09,2.0
Paweł Baranowski,Polska,https://flagcdn.com/w40/pl.png,obrońca,11.10.1990,35,22,2009/10,6.0
Paweł Baranowski,Polska,https://flagcdn.com/w40/pl.png,obrońca,11.10.1990,35,22,2015/16,14.0
Paweł Czajkowski,Polska,https://flagcdn.com/w40/pl.png,pomocnik,27.02.1995,30,27,2024/25,27.0
Paweł Hajduczek,Polska,https://flagcdn.com/w40/pl.png,pomocnik,17.05.1982,43,13,2002/03,13.0
Paweł Jermakowicz,Polska,https://flagcdn.com/w40/pl.png,obrońca,01.02.1975,50,18,2003/04,18.0
Paweł Linka,Polska,https://flagcdn.com/w40/pl.png,bramkarz,26.06.1986,39,3,2009/10,2.0
Paweł Linka,Polska,https://flagcdn.com/w40/pl.png,bramkarz,26.06.1986,39,3,2010/11,1.0
Paweł Moskwik,Polska,https://flagcdn.com/w40/pl.png,obrońca,08.06.1992,33,44,2016/17,11.0
Paweł Moskwik,Polska,https://flagcdn.com/w40/pl.png,obrońca,08.06.1992,33,44,2017/18,25.0
Paweł Moskwik,Polska,https://flagcdn.com/w40/pl.png,obrońca,08.06.1992,33,44,2018/19,8.0
Paweł Odrzywolski,Polska,https://flagcdn.com/w40/pl.png,obrońca,06.03.1983,42,24,2006/07,17.0
Paweł Odrzywolski,Polska,https://flagcdn.com/w40/pl.png,obrońca,06.03.1983,42,24,2007/08,7.0
Paweł Oleksy,Polska,https://flagcdn.com/w40/pl.png,obrońca,01.04.1991,34,42,2017/18,21.0
Paweł Oleksy,Polska,https://flagcdn.com/w40/pl.png,obrońca,01.04.1991,34,42,2018/19,21.0
Paweł Senecki,Polska,https://flagcdn.com/w40/pl.png,,,125,29,1997/98,25.0
Paweł Senecki,Polska,https://flagcdn.com/w40/pl.png,,,125,29,1998/99,4.0
Paweł Sibik,Polska,https://flagcdn.com/w40/pl.png,pomocnik,15.02.1971,54,17,2004/05,17.0
Paweł Sobczak,Polska,https://flagcdn.com/w40/pl.png,napastnik,29.06.1978,47,27,2005/06,27.0
Paweł Stalmach,Polska,https://flagcdn.com/w40/pl.png,pomocnik,18.11.1983,42,21,2004/05,15.0
Paweł Stalmach,Polska,https://flagcdn.com/w40/pl.png,pomocnik,18.11.1983,42,21,2005/06,6.0
Paweł Tarnowski,Polska,https://flagcdn.com/w40/pl.png,pomocnik,28.06.1990,35,26,2015/16,12.0
Paweł Tarnowski,Polska,https://flagcdn.com/w40/pl.png,pomocnik,28.06.1990,35,26,2016/17,14.0
Paweł Tomczyk,Polska,https://flagcdn.com/w40/pl.png,napastnik,04.05.1998,27,42,2017/18,34.0
Paweł Tomczyk,Polska,https://flagcdn.com/w40/pl.png,napastnik,04.05.1998,27,42,2024/25,8.0
Paweł Woźniak,Polska,https://flagcdn.com/w40/pl.png,pomocnik,11.10.1978,47,13,2003/04,13.0
Paweł Żmudziński,Polska,https://flagcdn.com/w40/pl.png,pomocnik,16.01.1978,47,46,2007/08,25.0
Paweł Żmudziński,Polska,https://flagcdn.com/w40/pl.png,pomocnik,16.01.1978,47,46,2008/09,21.0
Petar Mamić,Chorwacja,https://flagcdn.com/w40/hr.png,obrońca,06.03.1996,29,12,2020/21,12.0
Peter Sládek,Słowacja,https://flagcdn.com/w40/sk.png,pomocnik,07.07.1989,36,8,2016/17,8.0
Peter Wilson,Liberia / Szwecja,https://flagcdn.com/w40/lr.png,napastnik,09.10.1996,29,13,2020/21,13.0
Piotr Bagnicki,Polska,https://flagcdn.com/w40/pl.png,napastnik,10.12.1980,45,31,2009/10,31.0
Piotr Bielak,Polska,https://flagcdn.com/w40/pl.png,pomocnik,04.09.1976,49,13,2002/03,13.0
Piotr Cetnarowicz,Polska,https://flagcdn.com/w40/pl.png,napastnik,19.05.1973,52,12,2002/03,12.0
Piotr Czak,Polska,https://flagcdn.com/w40/pl.png,napastnik,18.05.1971,54,61,2002/03,32.0
Piotr Czak,Polska,https://flagcdn.com/w40/pl.png,napastnik,18.05.1971,54,61,2003/04,29.0
Piotr Gierczak,Polska,https://flagcdn.com/w40/pl.png,pomocnik,02.05.1976,49,18,2005/06,18.0
Piotr Kalinowski,Polska,https://flagcdn.com/w40/pl.png,,01.11.1972,125,32,1998/99,28.0
Piotr Kalinowski,Polska,https://flagcdn.com/w40/pl.png,,01.11.1972,125,32,1999/00,4.0
Piotr Koman,Polska,https://flagcdn.com/w40/pl.png,pomocnik,25.06.1985,40,168,2003/04,4.0
Piotr Koman,Polska,https://flagcdn.com/w40/pl.png,pomocnik,25.06.1985,40,168,2004/05,38.0
Piotr Koman,Polska,https://flagcdn.com/w40/pl.png,pomocnik,25.06.1985,40,168,2005/06,38.0
Piotr Koman,Polska,https://flagcdn.com/w40/pl.png,pomocnik,25.06.1985,40,168,2006/07,29.0
Piotr Koman,Polska,https://flagcdn.com/w40/pl.png,pomocnik,25.06.1985,40,168,2007/08,16.0
Piotr Koman,Polska,https://flagcdn.com/w40/pl.png,pomocnik,25.06.1985,40,168,2008/09,1.0
Piotr Koman,Polska,https://flagcdn.com/w40/pl.png,pomocnik,25.06.1985,40,168,2010/11,31.0
Piotr Koman,Polska,https://flagcdn.com/w40/pl.png,pomocnik,25.06.1985,40,168,2011/12,9.0
Piotr Koman,Polska,https://flagcdn.com/w40/pl.png,pomocnik,25.06.1985,40,168,2012/13,2.0
Piotr Kuś,Polska,https://flagcdn.com/w40/pl.png,,04.03.1961,125,36,1997/98,12.0
Piotr Kuś,Polska,https://flagcdn.com/w40/pl.png,,04.03.1961,125,36,1998/99,24.0
Piotr Malinowski,Polska,https://flagcdn.com/w40/pl.png,pomocnik,24.03.1984,41,186,2008/09,7.0
Piotr Malinowski,Polska,https://flagcdn.com/w40/pl.png,pomocnik,24.03.1984,41,186,2009/10,31.0
Piotr Malinowski,Polska,https://flagcdn.com/w40/pl.png,pomocnik,24.03.1984,41,186,2010/11,35.0
Piotr Malinowski,Polska,https://flagcdn.com/w40/pl.png,pomocnik,24.03.1984,41,186,2011/12,25.0
Piotr Malinowski,Polska,https://flagcdn.com/w40/pl.png,pomocnik,24.03.1984,41,186,2012/13,27.0
Piotr Malinowski,Polska,https://flagcdn.com/w40/pl.png,pomocnik,24.03.1984,41,186,2013/14,33.0
Piotr Malinowski,Polska,https://flagcdn.com/w40/pl.png,pomocnik,24.03.1984,41,186,2014/15,28.0
Piotr Rocki,Polska,https://flagcdn.com/w40/pl.png,pomocnik,11.01.1974,51,23,2009/10,23.0
Piotr Szumiński,Polska,https://flagcdn.com/w40/pl.png,pomocnik,13.07.2006,19,1,2025/26,1.0
Piotr Tomasik,Polska,https://flagcdn.com/w40/pl.png,obrońca,31.10.1987,38,51,2014/15,22.0
Piotr Tomasik,Polska,https://flagcdn.com/w40/pl.png,obrońca,31.10.1987,38,51,2023/24,29.0
Piotr Urbańczyk,Polska,https://flagcdn.com/w40/pl.png,pomocnik,28.05.1989,36,1,2007/08,1.0
Przemysław Bieniek,Polska,https://flagcdn.com/w40/pl.png,,,125,10,1997/98,1.0
Przemysław Mystkowski,Polska,https://flagcdn.com/w40/pl.png,pomocnik,25.04.1998,27,22,2018/19,22.0
Przemysław Pietruszka,Polska,https://flagcdn.com/w40/pl.png,obrońca,18.04.1984,41,9,2013/14,9.0
Przemysław Pluta,Polska,https://flagcdn.com/w40/pl.png,pomocnik,13.11.1978,47,11,2005/06,11.0
Przemysław Płacheta,Polska,https://flagcdn.com/w40/pl.png,pomocnik,23.03.1998,27,25,2018/19,25.0
Radosław Zając,Polska,https://flagcdn.com/w40/pl.png,pomocnik,28.07.2004,21,29,2023/24,10.0
Radosław Zając,Polska,https://flagcdn.com/w40/pl.png,pomocnik,28.07.2004,21,29,2024/25,19.0
Rafał Andraszak,Polska,https://flagcdn.com/w40/pl.png,pomocnik,05.02.1978,47,19,2004/05,19.0
Rafał Figiel,Polska,https://flagcdn.com/w40/pl.png,pomocnik,08.05.1991,34,41,2019/20,33.0
Rafał Figiel,Polska,https://flagcdn.com/w40/pl.png,pomocnik,08.05.1991,34,41,2020/21,8.0
Rafał Janicki,Polska,https://flagcdn.com/w40/pl.png,obrońca,05.07.1992,33,13,2020/21,13.0
Rafał Jarosz,Polska,https://flagcdn.com/w40/pl.png,pomocnik,12.03.1976,49,77,2007/08,32.0
Rafał Jarosz,Polska,https://flagcdn.com/w40/pl.png,pomocnik,12.03.1976,49,77,2008/09,28.0
Rafał Jarosz,Polska,https://flagcdn.com/w40/pl.png,pomocnik,12.03.1976,49,77,2009/10,17.0
Rafał Leszczyński,Polska,https://flagcdn.com/w40/pl.png,bramkarz,26.04.1992,33,83,2016/17,31.0
Rafał Leszczyński,Polska,https://flagcdn.com/w40/pl.png,bramkarz,26.04.1992,33,83,2017/18,22.0
Rafał Leszczyński,Polska,https://flagcdn.com/w40/pl.png,bramkarz,26.04.1992,33,83,2018/19,17.0
Rafał Leszczyński,Polska,https://flagcdn.com/w40/pl.png,bramkarz,26.04.1992,33,83,2019/20,10.0
Rafał Leszczyński,Polska,https://flagcdn.com/w40/pl.png,bramkarz,26.04.1992,33,83,2020/21,3.0
Rafał Nalepa,Polska,https://flagcdn.com/w40/pl.png,obrońca,13.05.1988,37,1,2007/08,1.0
Rafał Studencki,Polska,https://flagcdn.com/w40/pl.png,,14.06.1976,125,61,1997/98,22.0
Rafał Studencki,Polska,https://flagcdn.com/w40/pl.png,,14.06.1976,125,61,1999/00,1.0
Richard Nagy,Słowacja,https://flagcdn.com/w40/sk.png,obrońca,10.08.2000,25,9,2025/26,9.0
Richard Zajac,Słowacja,https://flagcdn.com/w40/sk.png,bramkarz,16.08.1976,49,149,2009/10,15.0
Richard Zajac,Słowacja,https://flagcdn.com/w40/sk.png,bramkarz,16.08.1976,49,149,2010/11,40.0
Richard Zajac,Słowacja,https://flagcdn.com/w40/sk.png,bramkarz,16.08.1976,49,149,2011/12,21.0
Richard Zajac,Słowacja,https://flagcdn.com/w40/sk.png,bramkarz,16.08.1976,49,149,2012/13,27.0
Richard Zajac,Słowacja,https://flagcdn.com/w40/sk.png,bramkarz,16.08.1976,49,149,2013/14,25.0
Richard Zajac,Słowacja,https://flagcdn.com/w40/sk.png,bramkarz,16.08.1976,49,149,2014/15,21.0
Robert Gumny,Polska,https://flagcdn.com/w40/pl.png,obrońca,04.06.1998,27,14,2016/17,14.0
Robert Menzel,Polska,https://flagcdn.com/w40/pl.png,obrońca,14.02.1991,34,9,2016/17,9.0
Robert Piekarski,Polska,https://flagcdn.com/w40/pl.png,obrońca,01.04.1970,55,175,1999/00,30.0
Robert Piekarski,Polska,https://flagcdn.com/w40/pl.png,obrońca,01.04.1970,55,175,2000/01,38.0
Robert Piekarski,Polska,https://flagcdn.com/w40/pl.png,obrońca,01.04.1970,55,175,2001/02,33.0
Robert Piekarski,Polska,https://flagcdn.com/w40/pl.png,obrońca,01.04.1970,55,175,2002/03,33.0
Robert Piekarski,Polska,https://flagcdn.com/w40/pl.png,obrońca,01.04.1970,55,175,2003/04,27.0
Robert Piekarski,Polska,https://flagcdn.com/w40/pl.png,obrońca,01.04.1970,55,175,2004/05,14.0
Robert Sołtysek,Polska,https://flagcdn.com/w40/pl.png,pomocnik,26.11.1974,51,14,2000/01,14.0
Robert Wszołek,Polska,https://flagcdn.com/w40/pl.png,,12.09.1968,125,31,1998/99,31.0
Robert Zięba,Polska,https://flagcdn.com/w40/pl.png,obrońca,19.05.1981,44,117,1998/99,1.0
Robert Zięba,Polska,https://flagcdn.com/w40/pl.png,obrońca,19.05.1981,44,117,1999/00,16.0
Robert Zięba,Polska,https://flagcdn.com/w40/pl.png,obrońca,19.05.1981,44,117,2000/01,29.0
Robert Zięba,Polska,https://flagcdn.com/w40/pl.png,obrońca,19.05.1981,44,117,2001/02,21.0
Robert Zięba,Polska,https://flagcdn.com/w40/pl.png,obrońca,19.05.1981,44,117,2002/03,9.0
Robert Zięba,Polska,https://flagcdn.com/w40/pl.png,obrońca,19.05.1981,44,117,2003/04,5.0
Robert Zięba,Polska,https://flagcdn.com/w40/pl.png,obrońca,19.05.1981,44,117,2004/05,21.0
Robert Zięba,Polska,https://flagcdn.com/w40/pl.png,obrońca,19.05.1981,44,117,2005/06,15.0
Roman Cegiełka,Polska,https://flagcdn.com/w40/pl.png,pomocnik,20.02.1972,53,5,2001/02,5.0
Roman Skorupa,Polska,https://flagcdn.com/w40/pl.png,pomocnik,28.04.1967,58,13,1999/00,13.0
Rudolf Urban,Słowacja,https://flagcdn.com/w40/sk.png,obrońca,01.03.1980,45,12,2013/14,12.0
Róbert Demjan,Słowacja,https://flagcdn.com/w40/sk.png,napastnik,26.10.1982,43,193,2010/11,35.0
Róbert Demjan,Słowacja,https://flagcdn.com/w40/sk.png,napastnik,26.10.1982,43,193,2011/12,31.0
Róbert Demjan,Słowacja,https://flagcdn.com/w40/sk.png,napastnik,26.10.1982,43,193,2012/13,30.0
Róbert Demjan,Słowacja,https://flagcdn.com/w40/sk.png,napastnik,26.10.1982,43,193,2014/15,37.0
Róbert Demjan,Słowacja,https://flagcdn.com/w40/sk.png,napastnik,26.10.1982,43,193,2015/16,35.0
Róbert Demjan,Słowacja,https://flagcdn.com/w40/sk.png,napastnik,26.10.1982,43,193,2016/17,25.0
Róbert Mazáň,Słowacja,https://flagcdn.com/w40/sk.png,obrońca,09.02.1994,31,5,2014/15,5.0
Samson Godwin,Nigeria,https://flagcdn.com/w40/ng.png,pomocnik,11.11.1983,42,23,2000/01,23.0
Samuel Nnoshiri,Nigeria,https://flagcdn.com/w40/ng.png,pomocnik,02.07.2001,24,8,2023/24,8.0
Samuel Štefánik,Słowacja,https://flagcdn.com/w40/sk.png,pomocnik,16.11.1991,34,14,2015/16,14.0
Sebastian Bartlewski,Polska,https://flagcdn.com/w40/pl.png,pomocnik,13.06.1994,31,15,2013/14,11.0
Sebastian Bartlewski,Polska,https://flagcdn.com/w40/pl.png,pomocnik,13.06.1994,31,15,2014/15,3.0
Sebastian Bartlewski,Polska,https://flagcdn.com/w40/pl.png,pomocnik,13.06.1994,31,15,2015/16,1.0
Sebastian Olszar,Polska / Niemcy,https://flagcdn.com/w40/pl.png,napastnik,16.12.1981,44,20,2000/01,20.0
Sebastian Szymański,Polska,https://flagcdn.com/w40/pl.png,bramkarz,04.10.1979,46,9,2007/08,2.0
Sebastian Szymański,Polska,https://flagcdn.com/w40/pl.png,bramkarz,04.10.1979,46,9,2008/09,7.0
Sebastian Ziajka,Polska,https://flagcdn.com/w40/pl.png,obrońca,15.12.1982,43,82,2008/09,11.0
Sebastian Ziajka,Polska,https://flagcdn.com/w40/pl.png,obrońca,15.12.1982,43,82,2010/11,33.0
Sebastian Ziajka,Polska,https://flagcdn.com/w40/pl.png,obrońca,15.12.1982,43,82,2011/12,25.0
Sebastian Ziajka,Polska,https://flagcdn.com/w40/pl.png,obrońca,15.12.1982,43,82,2012/13,13.0
Sebastian Łukiewicz,Polska,https://flagcdn.com/w40/pl.png,bramkarz,07.03.1971,54,2,2002/03,2.0
Serginho,Brazylia,https://flagcdn.com/w40/br.png,pomocnik,09.06.1990,35,2,2011/12,2.0
Serhij Miakuszko,Ukraina,https://flagcdn.com/w40/ua.png,pomocnik,15.04.1993,32,16,2020/21,16.0
Seweryn Wojciechowski,Polska,https://flagcdn.com/w40/pl.png,pomocnik,25.05.1980,45,1,2003/04,1.0
Stanley Udenkwor,Nigeria / Polska,https://flagcdn.com/w40/ng.png,napastnik,01.05.1981,44,12,2005/06,12.0
Sylwester Lusiusz,Polska,https://flagcdn.com/w40/pl.png,pomocnik,18.09.1999,26,8,2023/24,8.0
Sylwester Patejuk,Polska,https://flagcdn.com/w40/pl.png,pomocnik,30.11.1982,43,109,2009/10,31.0
Sylwester Patejuk,Polska,https://flagcdn.com/w40/pl.png,pomocnik,30.11.1982,43,109,2010/11,30.0
Sylwester Patejuk,Polska,https://flagcdn.com/w40/pl.png,pomocnik,30.11.1982,43,109,2011/12,29.0
Sylwester Patejuk,Polska,https://flagcdn.com/w40/pl.png,pomocnik,30.11.1982,43,109,2014/15,19.0
Szymon Brańczyk,Polska,https://flagcdn.com/w40/pl.png,bramkarz,13.08.2006,19,4,2025/26,4.0
Szymon Gołuch,Polska,https://flagcdn.com/w40/pl.png,pomocnik,05.10.2002,23,12,2024/25,12.0
Szymon Lewicki,Polska,https://flagcdn.com/w40/pl.png,napastnik,05.04.1988,37,24,2016/17,24.0
Szymon Mroczko,Polska,https://flagcdn.com/w40/pl.png,obrońca,18.01.2001,24,8,2019/20,3.0
Szymon Mroczko,Polska,https://flagcdn.com/w40/pl.png,obrońca,18.01.2001,24,8,2020/21,5.0
Szymon Sobczak,Polska,https://flagcdn.com/w40/pl.png,napastnik,07.12.1992,33,17,2017/18,17.0
Szymon Szymański,Polska,https://flagcdn.com/w40/pl.png,pomocnik,13.04.1996,29,4,2016/17,4.0
Sławomir Cienciała,Polska,https://flagcdn.com/w40/pl.png,obrońca,19.03.1983,42,184,2003/04,12.0
Sławomir Cienciała,Polska,https://flagcdn.com/w40/pl.png,obrońca,19.03.1983,42,184,2004/05,27.0
Sławomir Cienciała,Polska,https://flagcdn.com/w40/pl.png,obrońca,19.03.1983,42,184,2006/07,30.0
Sławomir Cienciała,Polska,https://flagcdn.com/w40/pl.png,obrońca,19.03.1983,42,184,2007/08,21.0
Sławomir Cienciała,Polska,https://flagcdn.com/w40/pl.png,obrońca,19.03.1983,42,184,2008/09,32.0
Sławomir Cienciała,Polska,https://flagcdn.com/w40/pl.png,obrońca,19.03.1983,42,184,2009/10,17.0
Sławomir Cienciała,Polska,https://flagcdn.com/w40/pl.png,obrońca,19.03.1983,42,184,2010/11,29.0
Sławomir Cienciała,Polska,https://flagcdn.com/w40/pl.png,obrońca,19.03.1983,42,184,2011/12,9.0
Sławomir Cienciała,Polska,https://flagcdn.com/w40/pl.png,obrońca,19.03.1983,42,184,2012/13,7.0
Sławomir Frączek,Polska,https://flagcdn.com/w40/pl.png,,,125,33,1998/99,33.0
Sławomir Jarczyk,Polska,https://flagcdn.com/w40/pl.png,obrońca,18.08.1980,45,17,2005/06,17.0
Sławomir Zachnik,Polska,https://flagcdn.com/w40/pl.png,pomocnik,05.06.1977,48,9,2002/03,9.0
Titas Milašius,Litwa,https://flagcdn.com/w40/lt.png,pomocnik,12.12.2000,25,55,2021/22,21.0
Titas Milašius,Litwa,https://flagcdn.com/w40/lt.png,pomocnik,12.12.2000,25,55,2022/23,27.0
Titas Milašius,Litwa,https://flagcdn.com/w40/lt.png,pomocnik,12.12.2000,25,55,2023/24,7.0
Tomasz Duleba,Polska,https://flagcdn.com/w40/pl.png,,25.01.1972,125,80,1997/98,23.0
Tomasz Duleba,Polska,https://flagcdn.com/w40/pl.png,,25.01.1972,125,80,1998/99,12.0
Tomasz Duleba,Polska,https://flagcdn.com/w40/pl.png,,25.01.1972,125,80,2000/01,5.0
Tomasz Fornalik,Polska,https://flagcdn.com/w40/pl.png,obrońca,03.06.1973,52,2,2004/05,2.0
Tomasz Górkiewicz,Polska,https://flagcdn.com/w40/pl.png,obrońca,28.01.1985,40,187,2004/05,3.0
Tomasz Górkiewicz,Polska,https://flagcdn.com/w40/pl.png,obrońca,28.01.1985,40,187,2005/06,24.0
Tomasz Górkiewicz,Polska,https://flagcdn.com/w40/pl.png,obrońca,28.01.1985,40,187,2006/07,31.0
Tomasz Górkiewicz,Polska,https://flagcdn.com/w40/pl.png,obrońca,28.01.1985,40,187,2007/08,20.0
Tomasz Górkiewicz,Polska,https://flagcdn.com/w40/pl.png,obrońca,28.01.1985,40,187,2008/09,1.0
Tomasz Górkiewicz,Polska,https://flagcdn.com/w40/pl.png,obrońca,28.01.1985,40,187,2009/10,9.0
Tomasz Górkiewicz,Polska,https://flagcdn.com/w40/pl.png,obrońca,28.01.1985,40,187,2010/11,12.0
Tomasz Górkiewicz,Polska,https://flagcdn.com/w40/pl.png,obrońca,28.01.1985,40,187,2011/12,11.0
Tomasz Górkiewicz,Polska,https://flagcdn.com/w40/pl.png,obrońca,28.01.1985,40,187,2012/13,12.0
Tomasz Górkiewicz,Polska,https://flagcdn.com/w40/pl.png,obrońca,28.01.1985,40,187,2013/14,30.0
Tomasz Górkiewicz,Polska,https://flagcdn.com/w40/pl.png,obrońca,28.01.1985,40,187,2014/15,34.0
Tomasz Gębczyński,Polska,https://flagcdn.com/w40/pl.png,,,125,44,1997/98,28.0
Tomasz Jodłowiec,Polska,https://flagcdn.com/w40/pl.png,pomocnik,08.09.1985,40,53,2005/06,13.0
Tomasz Jodłowiec,Polska,https://flagcdn.com/w40/pl.png,pomocnik,08.09.1985,40,53,2022/23,18.0
Tomasz Jodłowiec,Polska,https://flagcdn.com/w40/pl.png,pomocnik,08.09.1985,40,53,2023/24,22.0
Tomasz Kazimierowicz,Polska,https://flagcdn.com/w40/pl.png,pomocnik,12.06.1979,46,8,2003/04,8.0
Tomasz Księżyc,Polska,https://flagcdn.com/w40/pl.png,obrońca,20.04.1974,51,15,2004/05,15.0
Tomasz Matloch,Polska,https://flagcdn.com/w40/pl.png,obrońca,24.05.1973,52,28,2001/02,28.0
Tomasz Moskała,Polska,https://flagcdn.com/w40/pl.png,napastnik,05.02.1977,48,99,1997/98,20.0
Tomasz Moskała,Polska,https://flagcdn.com/w40/pl.png,napastnik,05.02.1977,48,99,1998/99,32.0
Tomasz Moskała,Polska,https://flagcdn.com/w40/pl.png,napastnik,05.02.1977,48,99,1999/00,27.0
Tomasz Moskała,Polska,https://flagcdn.com/w40/pl.png,napastnik,05.02.1977,48,99,2000/01,20.0
Tomasz Neugebauer,Polska,https://flagcdn.com/w40/pl.png,pomocnik,08.05.2003,22,15,2022/23,15.0
Tomasz Nowak,Polska,https://flagcdn.com/w40/pl.png,pomocnik,30.10.1985,40,32,2019/20,19.0
Tomasz Nowak,Polska,https://flagcdn.com/w40/pl.png,pomocnik,30.10.1985,40,32,2020/21,13.0
Tomasz Podgórski,Polska,https://flagcdn.com/w40/pl.png,pomocnik,30.12.1985,39,48,2016/17,30.0
Tomasz Podgórski,Polska,https://flagcdn.com/w40/pl.png,pomocnik,30.12.1985,39,48,2017/18,18.0
Unai Buján,Hiszpania,https://flagcdn.com/w40/es.png,pomocnik,08.02.2001,24,10,2025/26,10.0
Uzoma Luke,Nigeria,https://flagcdn.com/w40/ng.png,napastnik,27.05.1982,43,13,2003/04,13.0
Valērijs Šabala,Łotwa,https://flagcdn.com/w40/lv.png,napastnik,12.10.1994,31,63,2017/18,30.0
Valērijs Šabala,Łotwa,https://flagcdn.com/w40/lv.png,napastnik,12.10.1994,31,63,2018/19,33.0
Waliczek,Polska,https://flagcdn.com/w40/pl.png,,,125,2,1998/99,2.0
Wiesław Wawrzuta,Polska,https://flagcdn.com/w40/pl.png,,,125,41,1997/98,27.0
Wiktor Kaczorowski,Polska,https://flagcdn.com/w40/pl.png,bramkarz,31.08.2001,24,5,2022/23,5.0
Wojciech Fabisiak,Polska,https://flagcdn.com/w40/pl.png,bramkarz,31.01.1995,30,34,2017/18,15.0
Wojciech Fabisiak,Polska,https://flagcdn.com/w40/pl.png,bramkarz,31.01.1995,30,34,2018/19,19.0
Wojciech Kaczmarek,Polska,https://flagcdn.com/w40/pl.png,bramkarz,29.03.1983,42,4,2015/16,4.0
Wojciech Okińczyc,Polska,https://flagcdn.com/w40/pl.png,napastnik,15.02.1986,39,1,2014/15,1.0
Wojciech Reiman,Polska,https://flagcdn.com/w40/pl.png,pomocnik,05.08.1988,37,7,2011/12,4.0
Wojciech Reiman,Polska,https://flagcdn.com/w40/pl.png,pomocnik,05.08.1988,37,7,2012/13,3.0
Wojciech Rączka,Polska,https://flagcdn.com/w40/pl.png,pomocnik,01.11.1976,49,71,2003/04,25.0
Wojciech Rączka,Polska,https://flagcdn.com/w40/pl.png,pomocnik,01.11.1976,49,71,2004/05,32.0
Wojciech Rączka,Polska,https://flagcdn.com/w40/pl.png,pomocnik,01.11.1976,49,71,2005/06,14.0
Wojciech Szumilas,Polska,https://flagcdn.com/w40/pl.png,pomocnik,07.11.1996,29,31,2024/25,15.0
Wojciech Szumilas,Polska,https://flagcdn.com/w40/pl.png,pomocnik,07.11.1996,29,31,2025/26,16.0
Wojciech Szymanek,Polska,https://flagcdn.com/w40/pl.png,obrońca,01.03.1982,43,3,2013/14,3.0
Wojciech Słomka,Polska,https://flagcdn.com/w40/pl.png,pomocnik,04.11.1998,27,9,2025/26,9.0
Wojciech Trochim,Polska,https://flagcdn.com/w40/pl.png,pomocnik,31.03.1989,36,4,2014/15,4.0
Wrzaszcz,Polska,https://flagcdn.com/w40/pl.png,,,125,4,1998/99,1.0
Włodarczyk,Polska,https://flagcdn.com/w40/pl.png,,,125,2,1998/99,2.0
Yiğit Emre Çeltik,Turcja,https://flagcdn.com/w40/tr.png,pomocnik,07.04.2003,22,36,2021/22,13.0
Yiğit Emre Çeltik,Turcja,https://flagcdn.com/w40/tr.png,pomocnik,07.04.2003,22,36,2022/23,23.0
Zdeněk Dembinný,Czechy,https://flagcdn.com/w40/cz.png,pomocnik,03.03.1980,45,4,2002/03,4.0
Ľuboš Kolár,Słowacja,https://flagcdn.com/w40/sk.png,pomocnik,01.09.1989,36,4,2017/18,4.0
Łukasz Błasiak,Polska,https://flagcdn.com/w40/pl.png,napastnik,30.07.1978,47,50,2003/04,14.0
Łukasz Błasiak,Polska,https://flagcdn.com/w40/pl.png,napastnik,30.07.1978,47,50,2004/05,36.0
Łukasz Ganowicz,Polska,https://flagcdn.com/w40/pl.png,obrońca,23.05.1981,44,24,2009/10,24.0
Łukasz Gorszkow,Polska,https://flagcdn.com/w40/pl.png,pomocnik,06.10.1974,51,99,2005/06,36.0
Łukasz Gorszkow,Polska,https://flagcdn.com/w40/pl.png,pomocnik,06.10.1974,51,99,2006/07,29.0
Łukasz Gorszkow,Polska,https://flagcdn.com/w40/pl.png,pomocnik,06.10.1974,51,99,2007/08,29.0
Łukasz Gorszkow,Polska,https://flagcdn.com/w40/pl.png,pomocnik,06.10.1974,51,99,2008/09,5.0
Łukasz Hanzel,Polska,https://flagcdn.com/w40/pl.png,pomocnik,16.09.1986,39,45,2016/17,13.0
Łukasz Hanzel,Polska,https://flagcdn.com/w40/pl.png,pomocnik,16.09.1986,39,45,2017/18,32.0
Łukasz Kabaj,Polska,https://flagcdn.com/w40/pl.png,obrońca,13.02.2006,19,3,2025/26,3.0
Łukasz Kanik,Polska,https://flagcdn.com/w40/pl.png,pomocnik,26.02.1988,37,19,2009/10,19.0
Łukasz Matusiak,Polska,https://flagcdn.com/w40/pl.png,pomocnik,07.05.1985,40,67,2008/09,29.0
Łukasz Matusiak,Polska,https://flagcdn.com/w40/pl.png,pomocnik,07.05.1985,40,67,2009/10,27.0
Łukasz Matusiak,Polska,https://flagcdn.com/w40/pl.png,pomocnik,07.05.1985,40,67,2010/11,11.0
Łukasz Merda,Polska,https://flagcdn.com/w40/pl.png,bramkarz,04.05.1980,45,165,2003/04,15.0
Łukasz Merda,Polska,https://flagcdn.com/w40/pl.png,bramkarz,04.05.1980,45,165,2004/05,29.0
Łukasz Merda,Polska,https://flagcdn.com/w40/pl.png,bramkarz,04.05.1980,45,165,2005/06,31.0
Łukasz Merda,Polska,https://flagcdn.com/w40/pl.png,bramkarz,04.05.1980,45,165,2006/07,23.0
Łukasz Merda,Polska,https://flagcdn.com/w40/pl.png,bramkarz,04.05.1980,45,165,2007/08,33.0
Łukasz Merda,Polska,https://flagcdn.com/w40/pl.png,bramkarz,04.05.1980,45,165,2008/09,28.0
Łukasz Merda,Polska,https://flagcdn.com/w40/pl.png,bramkarz,04.05.1980,45,165,2009/10,6.0
Łukasz Mierzejewski,Polska,https://flagcdn.com/w40/pl.png,obrońca,31.08.1982,43,5,2011/12,5.0
Łukasz Nolka,Polska,https://flagcdn.com/w40/pl.png,bramkarz,,125,4,1998/99,1.0
Łukasz Nolka,Polska,https://flagcdn.com/w40/pl.png,bramkarz,,125,4,1999/00,3.0
Łukasz Sierpina,Polska,https://flagcdn.com/w40/pl.png,pomocnik,27.03.1988,37,154,2016/17,35.0
Łukasz Sierpina,Polska,https://flagcdn.com/w40/pl.png,pomocnik,27.03.1988,37,154,2017/18,36.0
Łukasz Sierpina,Polska,https://flagcdn.com/w40/pl.png,pomocnik,27.03.1988,37,154,2018/19,28.0
Łukasz Sierpina,Polska,https://flagcdn.com/w40/pl.png,pomocnik,27.03.1988,37,154,2019/20,31.0
Łukasz Sierpina,Polska,https://flagcdn.com/w40/pl.png,pomocnik,27.03.1988,37,154,2020/21,24.0
Łukasz Zakrzewski,Polska,https://flagcdn.com/w40/pl.png,obrońca,07.03.1996,29,8,2016/17,8.0
Łukasz Żegleń,Polska,https://flagcdn.com/w40/pl.png,napastnik,09.06.1995,30,6,2013/14,6.0
Łysoń,Polska,https://flagcdn.com/w40/pl.png,,,125,1,2001/02,1.0
Jarosław Czerwik,Polska,https://flagcdn.com/w40/pl.png,pomocnik,16.06.2008,17,0,2025/26,0.0
Oskar Tomczyk,Polska,https://flagcdn.com/w40/pl.png,napastnik,25.01.2006,19,0,2025/26,0.0
Radosław Kanach,Polska,https://flagcdn.com/w40/pl.png,pomocnik,03.04.1999,26,0,2025/26,0.0
Maksymilian Świta,Polska,https://flagcdn.com/w40/pl.png,obrońca,19.04.2006,19,0,2025/26,0.0
Maksymilian Manikowski,Polska / Niemcy,https://flagcdn.com/w40/pl.png,bramkarz,07.01.2003,23,0,2024/25,0.0
Nikodem Gancarczyk,Polska,https://flagcdn.com/w40/pl.png,obrońca,06.03.2006,19,0,2024/25,0.0
Sebastián Zajac,Słowacja,https://flagcdn.com/w40/sk.png,bramkarz,31.10.2007,18,0,2023/24,0.0
Patryk Czader,Polska,https://flagcdn.com/w40/pl.png,pomocnik,07.03.2004,21,0,2023/24,0.0
Krystian Wieczorek,Polska,https://flagcdn.com/w40/pl.png,bramkarz,22.07.2002,23,0,2023/24,0.0
Szymon Brańczyk,Polska,https://flagcdn.com/w40/pl.png,bramkarz,13.08.2006,19,0,2023/24,0.0
Szymon Brańczyk,Polska,https://flagcdn.com/w40/pl.png,bramkarz,13.08.2006,19,0,2022/23,0.0
Maksymilian Manikowski,Polska / Niemcy,https://flagcdn.com/w40/pl.png,bramkarz,07.01.2003,23,0,2022/23,0.0
Krystian Wieczorek,Polska,https://flagcdn.com/w40/pl.png,bramkarz,22.07.2002,23,0,2021/22,0.0
Mateusz Lipp,Polska / Niemcy,https://flagcdn.com/w40/pl.png,obrońca,04.01.2004,22,0,2021/22,0.0
Szymon Stasik,Polska / Niemcy,https://flagcdn.com/w40/pl.png,pomocnik,04.02.1999,26,0,2021/22,0.0
Arkadiusz Leszczyński,Polska,https://flagcdn.com/w40/pl.png,bramkarz,21.07.1999,26,0,2020/21,0.0
Michał Studnicki,Polska,https://flagcdn.com/w40/pl.png,pomocnik,21.09.2000,25,0,2019/20,0.0
Arkadiusz Leszczyński,Polska,https://flagcdn.com/w40/pl.png,bramkarz,21.07.1999,26,0,2019/20,0.0
Krystian Kujawa,Polska,https://flagcdn.com/w40/pl.png,obrońca,22.03.1996,29,0,2017/18,0.0
Mikołaj Gibas,Polska,https://flagcdn.com/w40/pl.png,obrońca,22.03.1998,27,0,2017/18,0.0
Szymon Zgarda,Polska,https://flagcdn.com/w40/pl.png,pomocnik,30.06.1994,31,0,2017/18,0.0
Mikołaj Gibas,Polska,https://flagcdn.com/w40/pl.png,obrońca,22.03.1998,27,0,2016/17,0.0
Gustavo Busatto,Brazylia / Włochy,https://flagcdn.com/w40/br.png,bramkarz,23.10.1990,35,0,2016/17,0.0
Michal Mravec,Słowacja,https://flagcdn.com/w40/sk.png,obrońca,10.06.1987,38,0,2013/14,0.0
Luka Gusić,Chorwacja,https://flagcdn.com/w40/hr.png,obrońca,27.09.1989,36,0,2012/13,0.0
Alirou Nsangou,Kamerun / Polska,https://flagcdn.com/w40/cm.png,21.08.1984,41,0,2005/06,0.0