Rywal,Mecze,Wyniki z rywalem,Wygrane,Remisy,Porażki,Bilans bramkowy,Punkty,Punkty na mecz,Strzelcy
Babia Góra Sucha Beskidzka,4,1-1 | 3-1 | 2x 2-0,3,1,0,,10,"2,50","Gancarczyk 70 | Studencki 48, 70, Móll 35, Duleba 58, Bak 87 | Ziółkowski 26 | Ziółkowski 5, Gębczyński 70, Sokołowski 83 | Czernek 87 | Sokołowski 35, 80 Bak 70 | Czernek 53 | Móll 7, Sokołowski 32, Czernek 60, 89, Ziółkowski 70 | Czernek 55, Móll 60, 70, Moskała 75 | Wawrzuta 87 | Móll 12, Wawrzuta 48, Moskała 74 | Gawłowski 29, Czernek 70, Moskała 82 | Moskała 50, 53, 75, Zioło 70, Bak 90 | Kuś 70 | Duleba 10, 52, Moskała 20, 28, Senecki 65, Matejko 67 | Ziółkowski 70, 85 | Moskała 36, 43 | Ziółkowski 72 | Kuś 17, Moskała 25, Duleba 52, Matejko 75, 90 | Kuś 30, 75, Moskała 81 | Kuś 84 | Moskała 60 | Bak 80 | Senecki 6, 18, Moskała 23, 26, Kuś 30, Studencki 33 | Więzik 60, 73, Zagórski 82, Kurzeja 90 | Jendryczko 27, Frączek 75 | Zagórski 25, Więzik 90 | Zagórski 8, 24, Więzik 41, Kurzeja 75, Kuś 78, Matejko 80 | Zagórski 25, Jendryczko 65, Matejko 80 | Zagórski 48, Frączek 75, 80 | Frączek 9, 75, Zagórski 20, 46, 67 | Kurzeja 6, Więzik 40, Frączek 68, Sokołowski 81 | Zagórski 13, 35, 70, Więzik 20, Sokołowski 26, 78, Jendryczko 25, 55, Frączek 30, Matejko 65, 80 | Frączek 75 | Zagórski 20, 63, Frączek 73 | Frączek 15, Zagórski 40 | Moskała 27, Więzik 42, Frączek 80 | Frączek 33, Więzik 68, 89, Kurzeja 87 | Moskała 51, Więzik 80 | Więzik 23, 30, Frączek 51, Zagórski 82 | Więzik 21, 60 | Moskała 11, Zagórski 37, 42, 75, Sokołowski 45, Więzik 64 | Kurzeja 48, Moskała 53, 70, Zagórski 59, Jendryczko 64 | Więzik 33, 52, 70, 81, Moskała 57, Drewniak 65, Gancarczyk 89 | Więzik 5, 43, 54, Moskała 62, Frączek 76 | Kurzeja 14, Jendryczko 35, Sokołowski 53, Moskała 68, Więzik 86 | Moskała 22, 31, Kurzeja 47, Więzik 78, Wszołek 83 | Kuś 34 | Ziółkowski 10, Moskała 37, Frączek 60, 80, Sokołowski 88 | Kurzeja 20, 75, Jendryczko 53 | Frączek 10, 75, Więzik 18, 44, Moskała 28, 45, 60 | Moskała 14, 65, 78, Sokołowski 55, Więzik 56 |   | Sokołowski 19, Frączek 21, 52, Kalinowski 24, Moskała 45, 69, 76 | Sokołowski 15, Drewniak 41, Moskała 44, 69, Frączek 90 | Moskała 5, Duleba 55, Ziółkowski 88, Sokołowski 89 | Moskała 44, 85, Więzik 55, 90, Kurzeja 21, Bujok 26, Pancer 40 | Pancer 9, 22, Bujok 14, 85, Więzik 47, 57, 75, Woźniak 65 | Piekarski 8, Więzik 20 | Więzik 5, Lazar 72 | Lazar 40 | Moskała 13, 41 | Sokołowski 28 | Sokołowski 20 | Więzik 41, 85, Kurzeja 44, Bujok 65 | Więzik 10, Moskała 50, Dziarmaga 54, Jendryczko 89 | Więzik 28, 82, Moskała 67 | Moskała 52, Lazar 54, Sokołowski 60 | Więzik 23, 45, Moskała 38, Lazar 46, Drewniak 56 | Sokołowski 81 | Lazar 22, Woźniak 70, Moskała 85 | Moskała 44 | Bujok 20, 59, 85, Moskała 27, Sokołowski 56 | Moskała 27, Sokołowski 29, Więzik 61 | Moskała 10, 57, Dziarmaga 79 | Więzik 26, Młynarczyk 69 | Młynarczyk 15, Dziarmaga 50 | Woźniak 9, Więzik 33, 70, Dziarmaga 35, Młynarczyk 39, Lazar 86 | Młynarczyk 7 | Więzik 16, 25, 79, Moskała 22, Woźniak 77 | Więzik 17, 53 | Lazar 75 | Sokołowski 15, 38 | Bujok 60, Więzik 90 | Lazar, 24 Więzik 83 | Więzik 30, Młynarczyk 62 | Więzik 7, Lazar 27, 43, Bujok 60 | Więzik 36 | Kłoda | Więzik 75 | Kłoda 32, Olszar 52, 71, Woźniak 79 | Olszar 26 | Olszar 47 | Olszar 25, Radzewicz 71 | Piekarski 67, 75, Moskała 83 | Moskała 57, Olszar 73 | Olszar 8 | Bujok 73 | Moskała 28 | Więzik 79 | Sokołowski 37, 88 | Więzik 14, Olszar 25, Kłoda 65 | Moskała 35 | Dziarmaga 57 | Kłoda 34, Olszar 39 | Bujok 32, Woźniak 35, Kłoda 43, Rozmus 50 | Rozmus 35 | Sikora 74, Więzik 79 | Woźniak 26, 54, Więzik 29, 65, Rozmus 63, Sikora 73 | Piekarski 62, Sikora 78 | Kłoda 24, Gałgan 42 | Rozmus 6, Kłoda 61 | Domagała 7, Jendryczko 16, Woźniak 66 | Rozmus 41 | Rozmus 22 | Sikora 72, Gałgan 73 | Rozmus 36, Kłoda 40 | Rozmus 13 | Woźniak 8, Gałgan 90 | Woźniak 23, Rozmus 93 | Woźniak 36 | Woźniak 12, Rozmus 57 | Stawecki 25, Szłapa 67 | Kurzeja 10, Bujok 55 | Cegiełka 54, Bogdan 78 | Szłapa 54, 82 | Galeja 46 | Stawecki 28, 65, Bogdan 40, Woźniak 50, Więzik 88 | Pajkos 46, 53, Woźniak 78 | Szłapa 7, 28 | Szłapa 21 | Zięba 45, Pajkos 60 | Sikora 21, 56, Woźniak 25, Więzik 90 | Stawecki 51 | Stawecki 34, 70, Sikora 14, Szłapa 59 | Szłapa 77 | Szłapa 14, Pajkos 35, Stawecki 43 | Sikora 18, Krupa 68, Piekarski 90 | Sikora 8, Stawecki 54 | Więzik 66 | Sikora 24, Bogdan 65, Więzik 75 | Więzik 88, 90 | Kurzeja 80 | Więzik 25, Szłapa 88 | Więzik 9, 60, Stawecki 78, Woźniak 82 | Szłapa 48, 75 | Krupa 29, Więzik 84, Woźniak 86 | Szłapa 54 | Bogdan 10, 38, Sikora 21, 64, Pajkos74 | Więzik 6, 78, Sikora 55, Stawecki 69 | Szłapa 45, Więzik 61 | Adrian Sikora 68 | Adrian Sikora 1, 69, Andrzej Szłapa 56 | Adrian Sikora 29, 85 | Marcin Żukowski 83 | Andrzej Szłapa 22, Piotr Czak 43 | Grzegorz Więzik 3, Piotr Czak 61 | Grzegorz Więzik 2, Marcin Żukowski 90 | Andrzej Szłapa 3, Jarosław Bujok 59 | Marcin Żukowski | Jarosław Bujok 45 | Marcin Żukowski 12, 38 | Adrian Sikora 81 | Piotr Czak 89, Piotr Cetnarowicz 90, Damian Zdolski 90 | Marcin Klaczka 67 | Damian Zdolski 1, 65, 86, Jarosław Bujok 34 | Jarosław Bujok 57 | Piotr Czak 15 | Piotr Cetnarowicz 82 | Bartosz Woźniak 26, Jaromir Wieprzęć 69 (s) | Robert Piekarski 58 | Grzegorz Bogdan 60 | Piotr Czak 14 | Paweł Jermakowicz 54 | Paweł Stalmach 69, Abel Salami 74 | Jarosław Bujok 43, Abel Salami 71 | Mieczysław Agaon 55, Jarosław Bujok 65 | Robert Piekarski 31, Bartosz Woźniak 78 | Paweł Jermakowicz 28 | Jarosław Bujok 18, 90 | Damian Zdolski 54 | Mieczysław Agafon 24, Jarosław  Bujok 81, Andrzej Szłapa 84, Marcin Klaczka 89 | Robert Piekarski 47, Mieczysław Sikora 72 | Marcin Klaczka 79, Jarosław Bujok 81 | Andriej Szyło 16 | Piotr Czak 23, Łukasz Błasiak 38 | Łukasz Błasiak 37, Bartosz Woźniak 86 | Mieczysław Agafon 47 | Jarosław Bujok 62, 87 | Łukasz Błasiak 3, 24 | Wojciech Rączka 15, Mieczysław Agafon 27 | Piotr Czak 84 | Bartosz Woźniak 79 | Mieczysłąw Agafon 81, 86 | Błażej Radler 41, Artur Rozmus 53, Wojciech Rączka 54, Jarosław Bujok 90 | Artur Rozmus 35, Damian Zdolski 71 | Artur Rozmus 5 | Daniel Dubicki 12 | Artur Rozmus 26 | Artur Prokop 51, Daniel Dubicki 55, Piotr Koman 74 | Jarosław Bujok 61 | Bogdan Prusek 22, 83, Piotr Koman 60, Łukasz  Błasiak 75 | Artur Prokop 64 | Jaromir Wieprzęć 24 (s), Adam Kompała 90 | Piotr Koman 24 | Jarosław Bujok 28 | Grzegorz Pater 6, Łukasz Błasiak 72, 79 | Artur Rozmus 73 | Bogdan Prusek 76, Błażej Radler 82 | Daniel Dubicki 13, Adam Kompała 60, Łukasz Błasiak 81 | Artur Rozmus 76, 84 | Grzegorz Pater 27 | Grzegorz Pater 80 | Jarosław Bujok 27 | Rafał Andraszak 13, Tomasz Księżyc 45, 82, Adam Kompała 75 | Jarosław Bujok 44, Adam Kompała 62 | Artur Rozmus 81 | Łukasz Błasiak 39 | Grzegorz Pater 23, Błażej Radler 41, François Endene 72 | Jarosław Bujok 2, 41 | Artur Prokop 57, 73 | Grzegorz Pater 18 | Mariusz Sacha 1, Adam Kompała 40, François Endene 85 | Grzegorz Pater 63, Rafał Andraszak 66 | François Endene 13 | Piotr Gierczak 45 | Grzegorz Podstawek 73 | Marcin Makuch 86, Tomasz Górkiewicz 101, Piotr Koman 114 | Piotr Koman 3, Marcin Makuch 63 | Grzegorz Pater 17 | Grzegorz Pater 88 | Wojciech Rączka 40 | Grzegorz Pater 39, Paweł Sobczak 77 | Błażej Jankowski 68, Dariusz Kołodziej 80 | Dariusz Kołodziej 5 | Grzegorz Pater 20 | Grzegorz Pater 50 | Piotr Koman 66, Grzegorz Podstawek 90 | Bartłomiej Socha 75 | Grzegorz Pater 78 | Marcin Makuch 49 | Paweł Sobczak 52, Marcin Makuch 85, Grzegorz Pater 87 | Paweł Sobczak 40 | Jewgienij Branowickij 90 (s) | Grzegorz Pater 43, Grzegorz Podstawek 44, 72 | Grzegorz Pater 34, Stanley Udenkwor 64 | Grzegorz Pater 44 | Grzegorz Podstawek 35 | Nikołaj Branfiłow 45 | Mariusz Sacha 51, Paweł Sobczak 65 | Nikołaj Branfiłow 7 | Krzysztof Chrapek 83 | Tomasz Jodłowiec 64 | Grzegorz Podstawek 79, 82 | Grzegorz Podstawek 59 | Krzysztof Chrapek 20, 42, 84, Dariusz Kołodziej 78, Mariusz Masternak 90 | Dariusz Kołodziej 22 | Krzysztof Butryn 88 | Paweł Odrzywolski 26 | Krzysztof Chrapek 61, Dariusz Kołodziek 67 | Marcin Józefowicz 25, Krzysztof Chrapek 81 | Marcin Wasilewski 79 (s) | Marcin Józefowicz 46, Krzysztof Chrapek 77 | Dariusz Kołodziej 16, Marcin Józefowicz 44 | Marcin Józefowicz 58 | Mike Mozie 20 | Dariusz Kołodziej 75 | Marcin Józefowicz 21, 42, Krzysztof Chrapek 32 | Grzegorz Pater 41, Krzysztof Chrapek 70 | Krzysztof Chrapek 88 | Marcin Kocur 5, Krzysztof Chrapek 18 | Piotr Koman 63 | Krzysztof Chrapek 20, 51 | Martin Matúš 8, Dariusz Kołodziej 52, Rafał Jarosz 85 | Dariusz Kołodziek 4, Piotr Koman 28, Mariusz Sacha 89 | Sławomir Cienciała 14, Dariusz Kołodziej 44 | Dariusz Kołodziej 20, Artur Jędrzejczyk 45 (s) | Dariusz Kołodziej 45, Juraj Dančík 62 | Martin Matúš 14 | Mariusz Sacha 4 | Mariusz Sacha 50, Paweł Żmudziński 86 | Krzysztof Chrapek 68, Dariusz Kołodziej 79 | Martin Matúš 2, Paweł Źmudziński 67 | Grzegorz Pater 58, Dariusz Kołodziej 68 | Maciej Szmatiuk 90 | Dariusz Kołodziej 7, Paweł Żmudziński 50 | Martin Matúš 65, 84 | Dariusz Kołodziej 8, 77, Martin Matúš 25, Paweł Żmudziński 68 | Krzysztof Zaremba 75, Paweł Żmudziński 90 | Dariusz Kołodziej 76 | Mariusz Sacha 50, 59 | Dariusz Kołodziej 43, 90, Martin Matúš 50 | Paweł Żmudziński 15, Krzysztof Zaremba 70 | Krzysztof Zaremba 71, 73 | Paweł Żmudziński 4 | Rafał Jarosz 24, Krzysztof Chrapek 61, Martin Matúš 71 | Dariusz Kołodziej, Damian Świerblewski 5, Paweł Żmudziński 34 | Mariusz Sacha 30, Martin Matúš 63 | Martin Matúš 82 | Maciej Szmatiuk 56 | Łukasz Matusiak 17, 45 | Paweł Żmudziński 19 | Paweł Żmudziński 33, Damian Świerblewski 48 | Maciej Szmatiuk 61 | Bartłomiej Konieczny 59, Adam Brzezina 83 | Krzysztof Chrapek 77, 90, Martin Matúš 87 | Krzysztof Zaremba 82 | Martin Matúš 20, Damian Świerblewski 27 | Martin Matúš 30, Łukasz Matusiak 81 | Adam Brzezina 27, Krzystzof Chrapek 57, 87, Sebastian Ziajka 90 | Maciej Szmatiuk 60 | Bartłomiej Konieczny 28 | Sławomir Cienciała 37 | Krzysztof Chrapek 3, 62, 66 | Krzysztof Chrapek 19, Mariusz Sacha 77 | Sławomir Cienciała 90 | Paweł Żmudziński 39, Łukasz Matusiak 85 | Paweł Żmudziński 24, Krzysztof Chrapek 56, 66 | Paweł Żmudziński 42, Martin Matúš 55, 77 | Łukasz Matusiak 49, Sławomir Cienciała 62, Krzysztof Chrapek 82 | Rafał Jarosz 5, Krzysztof Chrapek 83 | Sławomir Cienicała 36, Clemence Matawu 67, Krzysztof Chrapek 87 | Łukasz Matusiak 25, Clemence Matawu 36 | Krzysztof Chrapek 13, 16, 45, 60, 70, Maciej Szmatiuk 37, Martin Matúš 61, Mieczysław Sikora 64, Damian Chmiel 80 | Damian  Świerblewski 43 | Piotr Rocki 7 | Sławomir Cienciała 45, Juraj Dančík 90 | Piotr Bagnicki 73 | Clemence Matawu 44 | Damian Świerblewski 50, Damian Chmiel 90 | Dariusz Kołodziej 45, 65, Sylwester Patejuk 70, Damian Świerblewski 78 | Sylwester Patejuk 44, Martin Matúš 79 | Sylwester Patejuk 1 | Łukasz Kanik 2, Sylwester Patejuk 43, Clemence Matawu 67, Piotr Malinowski 82 | Ndabenkulu Ncube 4 | Dariusz Kołodziej 24, Piotr Bagnicki 90 | Sylwester Patejuk 81 | Piotr Bagnicki 43 | Dariusz Kołodziej 34 | Piotr Malinowski 30 | Piotr Bagnicki 69, Bartłomiej Konieczny 73, Piotr Rocki 84 | Piotr Bagnicki 87 | Sylwester Patejuk 70, Dariusz Kołodziej 83 | Piotr Bagnicki 21, Clemence Matawu 35, Piotr Malinowski 55 | Clemence Matawu 5, Dariusz Kołodziej | Sylwester Patejuk 12, Dariusz Kołodziej 54 | Sylwester Patejuk 13, Tomasz Górkiewicz 42, Łukasz Matusiak 90 | Ndabenkulu Ncube 35 | Sylwester Patejuk 18, 64, Tomasz Górkiewicz 59 | Michał Osiński 73 | Róbert Demjan 13, 66 | Maciej Rogalski 47, Adam Cieśliński 61, Sławomir Cienciała 77, Róbert Demjan 87, Sylwester Patejuk 90 | Michał Buchalik 31 (s) | Mateusz Żyła 66, Mariusz Mikoda 114 | Bartłomiej Konieczny 4, Maciej Rogalski 24, Sebastian Ziajka 45, Róbert Demjan 50, Piotr Koman 68, Gabriel Nowak 80 (s) | Adam Cieśliński 24 | Adam Cieśliński 76, Juraj Dančík 79 | Adam Cieśliński 55, 66 | Sylwester Patejuk 76, Michał Osiński 88 | Adam Cieśliński 3, Róbert Demjan 8, 90 | Adam Cieśliński 75, Piotr Malinowski 83 | Róbert Demjan 17 | Adam Cieśliński 36, 30 | Sylwester Patejuk 2, Róbert Demjan 32 | Sylwester Patejuk 39 | Adam Cieśliński 60 | Róbert Demjan 68 | Piotr Koman 62, Maciej Rogalski 87 | Piotr Malinowski 88 | Witold Cichy 27 (s), Adam Cieśliński 40 | Adam Cieśliński 59, Tomasz Górkiewicz 75 | Dariusz Kołodziej 72, 78 | Sylwester Patejuk 12, Sebastian Ziajka 85 | Adam Cieśliński 90 | Damian Chmiel 25, Piotr Malinowski 58 | Krzysztof Zaremba 90 | Róbert Demjan 31, Piotr Malinowski 72 | Sylwester Patejuk 83 | Michał Osiński 6, Marek Sokołowski 72, Damian Chmiel 83 | Juraj Dančík 18, Sylwester Patejuk 42 | Piotr Malinowski 25, Adam Cieśliński 49 | Róbert Demjan 82, Adam Cieśliński 89 | Piotr Koman 21, Sylwester Patejuk 58, Sebastian Ziajka 77 | Bartłomiej Konieczny 53, Róbert Demjan 80 | Tomasz Górkiewicz 24, Sylwester Patejuk 45 | Piotr Malinowski 70 | Piotr Malinowski 3, Róbert Demjan 42, Mariusz Sacha 44 | Róbert Demjan 48 | Sylwester Patejuk 66 | Juraj Dančík 26 | Adam Cieśliński 80 | Mariusz Sacha 3 | Sebastian Ziajka 34, Mariusz Sacha 56 | Sebastian Ziajka 57 | Sylwester Patejuk 67 | Sebastian Ziajka 32 | Rafał Grodzicki 69 (s), Ondřej Šourek 81 | Róbert Demjan 8, 67, Sylwester Patejuk 40 | Marek Sokołowski 17 | Róbert Demjan 90 | Liran Cohen 84 | Sylwester Patejuk 90 | Fabian Pawela 1 | Róbert Demjan 17 | Róbert Demjan 12 | Kamil Adamek 56 | Damian Chmiel 67 | Róbert Demjan 16 | Damian Chmiel 88 | Kamil Adamek 65 | Liran Cohen 60, Fabian Pawela 87 | Damian Chmiel 16, Liran Cohen 90 | Róbert Demjan 34, Kamil Adamek 85 | Fabian Pawela 58, Damian Chmiel 61 | Róbert Demjan 1, 82. Błażej Telichowski 17, Marek Sokołowski 66 | Róbert Demjan 73 | Anton Sloboda 66 | Róbert Demjan 55 | Marek Sokołowski 11, Róbert Demjan 49, 90 | Róbert Demjan 88 | Fabian Pawela 69 | Tomasz Górkiewicz 63, Damian Chmiel 74 | Róbert Demjan 63 | Marcin Wodecki 45 | Róbert Demjan 41 | Fabian Pawela 20, 45 | Bartłomiej Konieczny 1, Fabian Pawela 6 | Damian Chmiel 11, Róbert Demjan 58 | Marcin Wodecki 22, Błażej Telichowski 90 | Łukasz Żegleń 70 | Błażej Telichowski 77 | Marek Sokołowski 78, Marcin Wodecki 89 | Piotr Malarczyk 62 (s) | Rudolf Urban 55 | Marcin Robak 38 (s) | Anton Sloboda 23, Rudolf Urban 46 | Marek Sokołowski 43, Fabian Pawela 62, Aleksander Jagiełło 90 | Aleksander Jagiełło 88 | Fabian Pawela 51, Anton Sloboda 90 | Fabian Pawela 55 | Dariusz Kołodziej 81 | Piotr Malinowski 6, Dariusz Kołodziej 90 | Przemysław Pietruszka 63 | Marek Sokołowski 61 | Marek Sokołowski 74 | Marek Sokołowski 24, 66, Jan Blažek 63 | Michał Miśkiewicz 1 (s) | Fabian Pawela 58 | Błażej Telichowski 50, Giorgi Popchadze 61 (s) | Dariusz Łatka 2, Mateusz Stąporski 71 | Dariusz Kołodziej 22, Damian Chmiel 59, Krzysztof Chrapek 90 | Krzysztof Chrapek 77, 87 | Błażej Telichowski 51, Tomasz Górkiewicz 90 | Bartłomiej Konieczny 9, Marek Sokołowski 53 | Maciej Korzym 49, Tomasz Górkiewicz 59, Damian Chmiel 62 | Dariusz Kołodziej 49, Damian Chmiel 90 | Sylwester Patejuk 72 | Maciej Korzym 17, Damian Chmiel 56, 79 | Anton Sloboda 8, Maciej Korzym 38 | Pavol Staňo 44 | Dariusz Pietrasiak 56, 71 | Róbert Demjan 52, 70 | Damian Chmiel 30, Krzysztof Chrapek 70 | Róbert Demjan 68 | Maciej Iwański 38, 55 | Gracjan Horoszkiewicz 7, Maciej Mańka 38 (s), Maciej Korzym 66, Mariusz Magiera 70 (s) | Marek Sokołowski 67, 90 | Bartosz Śpiączka 89 | Damian Chmiel 9, Maciej Iwański 90 | Pavol Staňo 43 | Piotr Malinowski 33, Bartosz Śpiączka 71 | Maciej Iwański 16, 37 | Maciej Iwański 79 | Dariusz Kołodziej 64, Piotr Malinowski 67 | Marek Sokołowski 24, Maciej Korzym 90 | Damian Chmiel 35, 79, Bartosz Śpiączka 58 | Dariusz Kołodziej 45 | Róbert Demjan 90 | Maciej Korzym 84 | Maciej Iwański 18, Tomasz Górkiewicz 41 | Damian Chmiel 76, Maciej Iwański 88 | Bartosz Śpiączka 13, Dariusz Kołodziej 77 | Idrissa Cissé 90 | Bartłomiej Konieczny 90 | Dariusz Kołodziej 45 | Róbert Demjan 2 | Mateusz Szczepaniak 85 | Fabian Hiszpański 22, Kristián Kolčák 103 | Damian Chmiel 51, Mateusz Szczepaniak 55 | Marek Sokołowski 49 | Frank Adu Kwame 17 | Mateusz Szczepaniak 57 | Adam Mójta 21, Mateusz Szczepaniak 55 | Mateusz Szczepaniak 30, Mateusz Możdżeń 52 | Róbert Demjan 24, Adam Mójta 75 | Adam Mójta 70 | Mateusz Możdżeń 49, Róbert Demjan 64 | Róbert Demjan 41 | Róbert Demjan 6, Igor Lewczuk 86 (s) | Mateusz Szczepaniak 40 | Dariusz Kołodziej 14 | Róbert Demjan 17, Marek Sokołowski 64, Mateusz Szczepaniak 80, Jakub Kowalski 88 | Mateusz Możdżeń 64, Samuel Štefánik 80 | Mateusz Szczepaniak 89, Džiugas Bartkus 90 (s) | Mateusz Szczepaniak 33 | Kōhei Katō 9, Jozef Piaček 59 | Marek Wasiluk 14 (s), Guti 34 (s), Adam Mójta 76 | Adam Mójta 54, Mateusz Możdżeń 80 | Adam Mójta 67 | Adam Mójta 17, Mateusz Szczepaniak 74 | Paweł Baranowski 90 | Adam Deja 80 | Róbert Demjan 17, Samuel Štefánik 28, 64 | Róbert Demjan 28, Tomasz Podgóski 52 | Tomasz Podgórski 29, Róbert Demjan 89 | Tomasz Podgórski 36 | Róbert Demjan 13, Damian Chmiel 25 | Paweł Tarnowski 59 | Paweł Tarnowski 2, Daniel Feruga 53. Łukasz Sierpina 61, Róbert Demjan 76 | Tomasz Podgórski 80 | Damian Chmiel 64 | Tomasz Podgórski 42, Damian Chmiel 62, Szymon Lewicki 78 | Tomasz Podgórski 80 | Szymon Lewicki 53, 84 | Nermin Haskić 21, Paweł Moskwik 50 | Szymon Lewicki 51 | Nermin Haskić 4, Szymon Lewicki 71 | Robert Gumny 71, Szymon Lewicki 79 | Szymon Lewicki 41, Grzegorz Janiszewski 84 (s) | Tomasz Podgórski 86 | Michał Janota 17, Szymon Lewicki 79 | Łukasz Hanzel 29 | Łukasz Sierpina 17, Nermin Haskić 89 | Tomasz Podgórski 44, Szymon Lewicki 90 | Kacper Kostorz 25, Robert Gumny 57, Szymon Szymański 79 | Tomasz Podgórski 26 | Tomasz Podgórski 32 | Adrian Rakowski 12, Valērijs Šabala 43, Paweł Tomczyk 73 | Paweł Tomczyk | Dimityr Iljiew 24 | Dimityr Iljiew 45, Paweł Tomczyk 63, Adrian Łuszkiewicz 69 (s) | Paweł Tomczyk 32, Łukasz Sierpina 67, Valērijs Šabala 84 | Miłosz Kozak 6, Kamil Wiktorski 65 | Szymon Sobczak 20 | Szymon Sobczak 12, Łukasz Sierpina 78 | Paweł Tomczyk 16, Valērijs Šabala 72 | Paweł Oleksy 24 | Andrzej Niewulis 8 (s) | Paweł Tomczyk 3, Tomasz Podgórski 73 | Dimityr Ilijew 58 | Paweł Tomczyk 54, Valērijs Šabala 83 | Valērijs Šabala 61 | Valērijs Šabala 90 | Valērijs Šabala 20, Mavroudís Bougaḯdis 49 | Valērijs Šabala 51 | Valērijs Šabala 2, Paweł Tomczyk 8, 90 | Valērijs Šabala 85 | Paweł Tomczyk 76 | Damian Chmiel 90 | Paweł Moskwik 6, 38, Paweł Tomczyk 13, 59 | Valērijs Šabala 21 | Kacper Kostorz 59 | Bartosz Jaroch 50 | Łukasz Sierpina 66 | Guga Palawandiszwili 16, Łukasz Sierpina 57, 87, Valērijs Šabala 71 | Valērijs Šabala 49 | Valērijs Šabala 7, Łukasz Sierpina 31 | Michał Rzuchowski 44, Kacper Kostorz 45 | Valērijs Šabala 65 | Chopi 4, Adrian Rakowski 12 | Przemysław Płacheta 17, 22, Valērijs Šabala 53, 59, Miłosz Kozak 90 | Przemysław Płacheta 14, Paweł Oleksy 48 | Bartosz Jaroch 57 | Chopi 77 | Grzegorz Goncerz 51, Michał Rzuchowski 90 | Valērijs Šabala 20, Adrian Rakowski 48, Łukasz Sierpina 87 | Łukasz Sierpina 29, 64 | Łukasz Sierpina 23, Marcin Cabaj 75 (s) | Przemysław Płacheta 35, Paweł Oleksy 55, Chopi 81 | Bartosz Jaroch 11, 74, Chopi 35 | Paweł Oleksy 6, Valērijs Šabala 47, Adrian Rakowski 77 | Valērijs Šabala 30, 71 | Michał Rzuchowski 6, Adrian Rakowski 48, Bartosz Jaroch 59 | Michał Rzuchowski 11, Bartosz Jaroch 50 | Przemysław Płacheta 64, Valērijs Šabala 72 | Damian Hilbrycht 78, Bartosz Jaroch 85, Przemysław Płacheta 90 | Bartosz Jaroch 43 | Karol Danielak 26 | Marko Roginić 30 | Karol Danielak 35, 62, 72, Iván Martín 90  | Konrad Sieracki 25 | Aleksander Komor 14, Tomasz Nowak 54 | Marko Roginić 11, Łukasz Sierpina 51 | Tomasz Nowak 19 | Tomasz Nowak 45, Marko Roginić 47 | Karol Danielak 29, 48 | Marko Roginić 54, 55, Karol Danielak 63, Mateusz Sopoćko 81 | Marko Roginić 22, Łukasz Sierpina 50, Iván Martín 90 | Rafał Figiel 16, Marko Roginić 55 | Łukasz Sierpina 41, Bartosz Jaroch 60, Karol Danielak 78 | Łukasz Sierpina 50 | Rafał Figiel 13, Marko Roginić 29, Karol Danielak 41, Quentin Seedorf 83 (s) | Filip Modelski 57, Karol Danielak 69 | Łukasz Sierpina 43 | Kacper Gach 33, Rafał Figiel 47, Dmytro Baszłaj 57, Michał Rzuchowski 89 | Michał Rzuchowski 8, Bartosz Jaroch 51 | Jakub Bieroński 35, Bartosz Jaroch 56 | Marko Roginić 30 | Karol Danielak 35, Dmytro Baszłaj 90 | Michał Rzuchowski 5, Mateusz Sopoćko 80 | Kamil Biliński 73 | Mateusz Bondarenko 58 (s), Karol Danielak 63 | Kornel Osyra 90 | Łukasz Sierpina 9, Marko Roginić 45, Aleksander Komor 78, Kamil Biliński 83 | Mateusz Sopoćko 39, Marko Roginić 60, Tomasz Nowak 79 | Bartosz Jaroch 36, Karol Danielak 40, Piotr Żemło 48 (s), Michał Rzuchowski 63 | Karol Danielak 33 | Kamil Biliński 57, 82 | Karol Danielak 16, Aleksander Komor 58 | Kamil Biliński 18, Michał Rzuchowski 37 | Tomasz Nowak 13 | Kamil Biliński 32 | Maksymilian Sitek 58 | Kamil Biliński 29 | Mateusz Marzec 23, Desley Ubbink 74 | Sierhij Miakuszko 63, 102 | Dušan Lagator 69 (s) | Rafał Janicki 48 | Kamil Biliński 79, 90 | Jakub Hora 25 | Rafał Janicki 13 | Milan Rundić 31, Kamil Biliński 88 | Kamil Biliński 32 | Desley Ubbink 13, David Niepsuj 47 | Kamil Biliński | Rafał Janicki 41, Kamil Biliński 70, Marko Roginić 78 | Marko Roginić 74 | Jakub Hora 5 | Kamil Biliński 45 | Kacper Gach 12, Kamil Biliński 21 | Kamil Biliński 14 | Dawid Polkowski 15, Ivan Hladík 65 (s), Marko Roginić 90, Kamil Biliński 90 | Konrad Gutowski 83 | Giorgi Merebaszwili 44, Kamil Biliński 59 | Mathieu Scalet 44, Marko Roginić 68 | Goku 2, Giorgi Merebaszwili 48 | Kacper Gach 7, Julio Rodríguez 90 | Kamil Biliński 4, 9, Giorgi Merebaszwili 23, Jakub Bieroński 66 | Kamil Biliński 39, Goku 87 | Goku 45, Kamil Biliński 90 | Kamil Biliński 49, 53, 90, Dawid Polkowski 86 | Mathieu Scalet 8, 56, Kamil Biliński 76, Titas Milašius 79 | Goku 30 | Kamil Biliński 19 | Kamil Biliński 79 | Julio Rodríguez 41, Giorgi Merebaszwili 50 | Kamil Biliński 62 | Yiğit Emre Çeltik 51 | Marcel Misztal 50 | Kamil Biliński 90 | Giorgi Merebaszwili 45 | Kamil Biliński 7, 40, Goku 84 | Goku 66 | Mathieu Scalet 47 | Julio Rodríguez 87, Kamil Biliński 88 | Goku 62 | Bartosz Bernard 12, Tomasz Jodłowiec 52, Kamil Bliński 68, Maksymilian Sitek 90 | Kamil Biliński 76 | Lionel Abate 78 | Kamil Biliński 6, 54, Jeppe Simonsen 90 | Goku 77 | Yiğit Emre Çeltik 32, Kamil Biliński 43 | Kamil Biliński 30 | Kamil Biliński 14, 60 | Kamil Biliński 13, Goku 70, Krzysztof Drzazga 90 | Goku 62, Jakub Bieroński 75 | Goku 51, Kamil Biliński 60 | Goku 50, Kamil Biliński 80 | Kamil Biliński 56 | Jeppe Simonsen 90 | Goku 24, 58, 65, Marcel Misztal 32, Kamil Biliński 41, Ezequiel Bonifacio 89 | Goku 89 | Marcel Misztal 59, Goku 69 | Tomasz Neugebauer 71, Goku 88 | Kamil Biliński 16, Florian Hartherz 30, Jeppe Simonsen 43, Michał Janota 43 | Goku 53 | Goku 19, Jeppe Simonsen 49 | Daniel Mikołajewski 5, Goku 39, Maksymilian Sitek 52 | Sylwester Lusiusz 20 (s), Krzysztof Drzazga 90, Goku 90 | Tomasz Neugebauer 29, Maksymilian Sitek 49, Krzysztof Drzazga 52, Kamil Biliński 74 | Bartosz Bida 18 | Marcel Misztal 31 | Lionel Abate 80 | Maksymilian Sitek 5, Daniel Mikołajewski 61 | Mateusz Ziółkowski 68 | Bartosz Bida 16, Mateusz Ziółkowski 45 | Michał Janota 43 | Martin Chlumecký 21, Jan Hlavica 63, Bartosz Bida 90 | Maksymilian Banaszewski 23, Bartosz Bida 45 | Lionel Abate 58 | Daniel Mikołajewski 90 | Lionel Abate 7, Maksymilian Sitek 73 | Jakub Kisiel 69 | Daniel Mikołajewski 45 | Bartosz Bida 14 | Bartosz Bida 72, Daniel Mikołajewski 90 | Matej Senić 49 | Daniel Mikołajewski 56, Bartosz Bida 68 | Miroslav Iličić 26 | Marcel Misztal 14 | Miroslav Iličić 49 | Paweł Tomczyk 45 | Kacper Gach 23, Piotr Jakubowski 90 (s) | Linus Rönnberg 36 | Kornel Osyra 11, Jędrzej Góral 51 (s), Lucjan Klisiewicz 67 | Linus Rönnberg 27, Lucjan Klisiewicz 67, Hubert Sadowski 76 (s) | Marcin Biernat 36 | Linus Rönnberg 22 | Paweł Czajkowski 56 | Lionel Abate 70 | Marcin Biernat 55, Bartosz Florek 63, Mateusz Kizyma 88 | Lionel Abate 13, Linus Rönnberg 34 | Lionel Abate 66, Marcin Biernat 82 | Lucjan Klisiewicz 52, Kacper Gach 71 | Bartosz Florek 35 | Lucjan Klisiewicz 53, 90 | Marcin Urynowicz 12, Linus Rönnberg 84 | Lucjan Klisiewicz 52, Marcin Biernat 87, Maciej Górski 89 | Linus Rönnberg 77 | Wojciech Szumilas 30, 85 | Matej Mršić 4, Marcin Biernat 16 | Bartosz Florek 79 | Bartosz Florek 18, Marcin Biernat 58, 90, Alexander Abrahamsson 81 (s) | Lucjan Klisiewicz 17, 24, Jan Majsterek 38 | Bartosz Florek 82, Maciej Górski 90 | Maksymilian Sitek 82 | Maciej Górski 60, Lucjan Klisiewicz 81 | Dalibor Takáč 56, Marcin Biernat 90 | Wojciech Szumilas 68 | Jan Majsterek 87 | Oskar Zawada 11, Wojciech Szumilas 35, Patryk Kieliś 49 (s) | Wojciech Szumilas 36 | Marcin Biernat 90 (k) | Maciej Górski 41, Bartosz Martosz 44, Oskar Zawada 90 | Paweł Depka 83 (s) | Maciej Górski 12. Maksymilian Sitek 69 | Mateusz Kizyma 47, Maciej Górski 59 | Marcin Biernat 90 (k) | Kacper Gach 24, Lucjan Klisiewicz 70 | Bartosz Martosz 23, Lucjan Klisiewicz 88 | Lucjan Klisiewicz 2, 90, Marcin Biernat 50 (k) | Marcin Biernat 32 (k), Marcin Urynowicz 71, Krzysztof Kolanko 74"
Podhalanka Milówka,2,0-1 | 5-0,1,0,0,,3,"3,00",
Hejnał Kęty,4,5-1 | 2x 0-0 | 5-0,2,2,0,,8,"2,00",
Pionier Pisarzowice,4,1-3 | 1-0 | 2-1 | 5-0,3,0,1,,9,"2,25",
Jedność Wieprz,4,3-0 | 6-1 | 3-1 | 7-2,4,0,0,,12,"3,00",
Cukrownik Chybie,4,1-1 | 2-0 | 2x 4-0,3,1,0,,10,"2,50",
Kuźnia Ustroń,4,3-0 | 0-2 | 2-1 | 6-0,3,0,1,,9,"2,25",
Wisła Strumień,4,0-1 | 2-0 | 3-0 | 7-1,3,0,1,,9,"2,25",
Śrubiarnia Żywiec,4,1-5 | 1-1 | 3-0 | 5-1,2,1,1,,7,"1,75",
LKS Niwa Nowa Wieś,2,5-2 | 5-0,2,0,0,,6,"3,00",
Stanisławianka Stanisław,2,4-2 | 3-0,2,0,0,,6,"3,00",
Koszarawa Żywiec,4,2x 1-1 | 3-1 | 5-1,2,2,0,,8,"2,00",
Skawa Wadowice,4,0-0 | 1-0 | 6-0 | 7-0,3,1,0,,10,"2,50",
Garbarz Zembrzyce,4,3-1 | 1-3 | 1-0 | 2-0,3,0,1,,9,"2,25",
Beskid Andrychów,2,0-2 | 6-0,1,0,1,,3,"1,50",
Beskid Brenna,2,2x 5-0,2,0,0,,6,"3,00",
Zapora Porąbka,2,4-2 | 1-0,2,0,0,,6,"3,00",
Metal Węgierska Górka,2,11-0 | 5-1,2,0,0,,6,"3,00",
Iskra Klecza,2,1-0 | 3-0,2,0,0,,6,"3,00",
Unia Oświęcim,2,2x 0-0,0,2,0,,2,"1,00",
Morcinek Kaczyce,2,4-3 | 4-2,2,0,0,,6,"3,00",
KS Chełmek,2,2-2 | 5-1,1,1,0,,4,"2,00",
Górnik Siersza,2,7-0 | 3-0,2,0,0,,6,"3,00",
Rymer Niedobczyce,2,8-0 | 1-0,2,0,0,,6,"3,00",
BKS Stal,2,0-0 | 5-0,1,1,0,,4,"2,00",
VIctoria Jaworzno,2,2-1 | 3-0,2,0,0,,6,"3,00",
Janina Libiąż,2,2-1 | 3-0,2,0,0,,6,"3,00",
Unia Bieruń Stary,2,0-0 | 2-0,1,1,0,,4,"2,00",
Peberow Krzanowice,2,2-1 | 6-1,2,0,0,,6,"3,00",
Góral Żywiec,2,2x 1-0,2,0,0,,6,"3,00",
AKS Górnik Niwka,2,1-0 | 5-0,2,0,0,,6,"3,00",
MKS Lędziny,2,4-0 | 2-0,2,0,0,,6,"3,00",
Odra II Wodzisław,2,4-0 | 1-0,2,0,0,,6,"3,00",
Pasjonat Dankowice,2,3-0 | 2-1,2,0,0,,6,"3,00",
Beskid Skoczów,2,3-1 | 2-4,1,0,1,,3,"1,50",
Walcownia Czechowice-Dziedzice,2,0-1 | 2-1,1,0,1,,3,"1,50",
Fablok Chrzanów,2,5-1 | 2-0,2,0,0,,6,"3,00",
Szczakowianka Jaworzno,10,2x 1-0 | 4-4 | 1-2 | 2-5 | 2-0 | 0-0 | 2-1 | 2x 1-1,4,4,2,,16,"1,60",
Grunwald Ruda Śląska,4,1-3 | 4-1 | 4-0 | 1-0,3,0,1,,9,"2,25",
Włókniarz Kietrz,1,1-2,0,0,1,,0,"0,00",
Lubuszanin Drezdenko,4,2x 1-0 | 2x 2-0,4,0,0,,12,"3,00",
Concordia Knurów,4,0-0 | 2-1 | 2-0 | 3-0,3,1,0,,10,"2,50",
Warta Zawiercie,2,4-0 | 0-0,1,1,0,,4,"2,00",
Raków Częstochowa,9,1-0 | 6-0 | 1-1 pd. k. 4-2 | 2x 1-1 | 0-0 | 0-2 | 1-4 | 0-1,2,4,3,,10,"1,11",
Inkopax Wrocław,4,2x 1-0 | 0-1 | 1-1,2,1,1,,7,"1,75",
GKP Gorzów Wielkopolski,8,2x 2-0 | 2x 0-0 | 3-0 | 2-1 | 1-1 | 3-0 (wo),5,3,0,,18,"2,25",
Górnik MK Katowice,4,3-0 | 2-3 | 2-1 | 3-1,3,0,1,,9,"2,25",
Lechia Zielona Góra,5,2x 2-0 | 4-0 | 0-3 | 1-2 pd.,3,0,2,,9,"1,80",
Pogoń Świebodzin,4,1-2 | 2-1 | 1-1 | 4-0,2,1,1,,7,"1,75",
Rozwój Katowice,4,1-1 | 3-0 | 0-0 | 2-0,2,2,0,,8,"2,00",
Chrobry Głogów,18,4x 1-1 | 3x 1-0 | 1-2 | 4-0 | 2-0 | 2x 2-1 | 3-0 | 2x 0-1 | 3-1 | 6-0 | 0-3,10,4,4,,34,"1,89",
Miedź Legnica,17,4x 1-1 | 3x 1-0 | 5-2 | 2-1 pd. | 2x 2-1 | 2-0 | 2x 0-0 | 2-2 | 2-4 | 1-6,8,7,2,,31,"1,82",
Pogoń Oleśnica,4,2-0 | 2-1 | 1-1 | 1-0,3,1,0,,10,"2,50",
Czarni Żagań,4,3-1 | 2x 2-0 | 3-0,4,0,0,,12,"3,00",
GKS Jastrzębie,18,3x 0-0 | 2x 2-0 | 2x 0-2 | 2-1 | 4x 2-2 | 4-0 | 1-2 | 3-0 | 1-0 | 1-1,6,8,3,,26,"1,53",
Odra II Opole,2,1-3 | 1-1,0,1,1,,1,"0,50",
Górnik-Zagłębie Wałbrzych,2,2-1 | 2-0,2,0,0,,6,"3,00",
Piast Gliwice,29,3x 2-2 | 4x 0-0 | 4x 0-2 | 2x 0-3 | 3x 1-0 | 2x 2-3 | 1-1 | 3x 0-1 | 2-0 | 3x 1-2 | 2-4 | 2-1 | 0-5,5,8,16,,23,"0,79",
Błękitni-Bielawianka Bielawa,2,5-0 | 3-0,2,0,0,,6,"3,00",
Polonia Bytom,8,3-0 | 2-0 | 2-3 | 0-0 | 3x 0-1 | 1-3,2,1,5,,7,"0,88",
Mec Sławięcice,1,1-1,0,1,0,,1,"1,00",
KS Kędzierzyn-Koźle,1,2-0,1,0,0,,3,"3,00",
Tłoki Gorzyce,4,0-0 | 4-1 | 1-1 | 1-0,2,2,0,,8,"2,00",
Górnik Polkowice,12,0-2 | 3x 0-1 | 2x 1-0 | 2-1 | 2x 2-0 | 0-0 | 1-1 | 4-0,6,2,4,,20,"1,67",
Ceramika Opoczno,2,1-1 | 0-1,0,1,1,,1,"0,50",
Ruch Radzionków,4,0-0 | 3-0 | 2-1 | 0-3,2,1,1,,7,"1,75",
Hetman Zamość,2,3-2 | 1-0,2,0,0,,6,"3,00",
Piotrcovia Piotrków Trybunalski,2,2-1 | 1-2,1,0,1,,3,"1,50",
Arka Gdynia,15,2x 1-1 | 2x 0-0 | 2x 2-2 | 2x 0-2 | 1-0 | 4x 0-1 | 2-3 | 1-2 pd.,1,6,8,,9,"0,60",
Śląsk Wrocław,24,5x 0-1 | 4x 0-0 | 2-3 | 2-1 | 0-3 | 3-0 | 2x 0-2 | 4x 1-1 | 0-4 | 3-3 | 2-2 | 1-2 | 3-4,2,10,12,,16,"0,67",
Aluminium Konin,4,2x 2-0 | 0-2 | 1-0,3,0,1,,9,"2,25",
RKS Radomsko,6,2-2 | 1-0 | 1-2 | 0-1 | 0-3 | 3-0,2,1,3,,7,"1,17",
Górnik Łęczna,20,3x 2-2 | 1-2 | 2-3 | 2x 0-2 | 2x 0-1 | 3-1 | 3x 1-0 | 2x 0-0 | 2-1 | 2-0 | 1-5 | 3-3 | 1-1,6,7,7,,25,"1,25",
Stomil Olsztyn,13,2-1 | 0-0 | 3x 0-1 | 2-2 | 2x 1-3 | 1-0 | 3x 2-0 | 4-2,6,2,5,,20,"1,54",
Stal Stalowa Wola,12,1-2 | 2-0 | 1-3 | 0-0 | 2x 3-0 | 0-1 | 2-1 | 4-2 | 2-2 | 2-5 | 3-1,5,2,4,,17,"1,55",
Świt Nowy Dwór Mazowiecki,7,3x 1-1 | 0-1 | 2-1 | 2-0 | 3-1,3,3,1,,12,"1,71",
GKS Bełchatów,19,0-2 | 2x 1-2 | 2x 2-1 | 0-3 | 1-3 | 2x 4-0 | 3x 1-0 | 2x 2-0 | 0-6 | 3-0 | 3x 1-1,10,3,6,,33,"1,74",
Łódzki KS,20,3x 2-1 | 3x 0-0 | 2x 0-1 | 2-0 | 3-0 | 3x 0-3 | 1-0 | 2-2 | 3x 1-1 | 2x 1-2,6,7,7,,25,"1,25",
Polar Wrocław,4,1-2 | 1-1 | 2-1 | 2-0,2,1,1,,7,"1,75",
Stasiak Opoczno,2,2-1 | 1-1,1,1,0,,4,"2,00",
Ruch Chorzów,23,2-1 | 3x 2-2 | 3x 0-0 | 3-2 | 3x 1-1 | 3x 0-1 | 0-4 | 1-2 | 3-1 | 2x 1-0 | 3-0 | 2x 0-2 | 2-0,7,9,7,,30,"1,30",
Jagiellonia Białystok,22,2x 1-3 | 2x 2-0 | 3x 1-1 | 0-0 | 2x 0-1 | 2x 0-2 | 3x 2-2 | 1-2 | 4-0 | 2-1 | 2-4 | 1-0 | 3-0 | 2-3,6,7,9,,25,"1,14",
Błękitni Stargard Szczeciński,1,anulowany było 0-0,0,0,0,,0,#DIV/0!,
Cracovia,14,2x 0-3 | 2-3 | 2x 1-0 | 1-3 | 2-4 | 3x 1-1 | 3-1 | 0-1 | 1-4 | 2-2,3,4,6,,13,"1,00",
KSZO Ostrowiec Świętokrzyski,11,anulowany było 0-1 | 2x 2-1 | 1-2 | 4x 0-1 | 1-0 | 2-0 | 0-0,4,1,5,,13,"1,30",
Zagłębie Lubin,17,4-2 | 0-2 | 1-3 | 3-0 | 2x 0-0 | 1-0 | 2x 2-1 | 2x 1-1 | 2-3 | 2-0 | 2x 1-2 | 2-4 pd. | 0-0 pd. k. 3-4,6,5,6,,23,"1,35",
Pogoń Szczecin,19,3x 0-1 | 2x 1-2 | 2x 1-1 | 2-2 | 2x 0-0 | 3-1 | 3x 2-1 | 3x 0-2 | 2x 2-3,4,5,10,,17,"0,89",
Promień Żary,1,4-0,1,0,0,,3,"3,00",
Kujawiak Włocławek,2,2-1 | 1-3,1,0,1,,3,"1,50",
Korona Kielce,19,2x 0-2 | 5x 1-2 | 2-1 | 2x 2-2 | 3x 2-3 | 3x 1-1 | 1-0 | 1-3 | 0-0,2,6,11,,12,"0,63",
Radomiak Radom,7,2x 1-0 | 1-1 | 2-1 | 1-1 pd. k. 4-2 | 3-1 | 4-2,5,2,0,,17,"2,43",
Górnik Zabrze,20,3-2 | 2x 1-3 | 3x 0-1 | 1-1 | 2x 0-3 | 1-0 | 1-2 | 0-2 | 4-2 | 2x 3-3 | 2-0 | 0-0 | 0-4 | 2-4 | 2-1,5,5,10,,20,"1,00",
Widzew Łódź,17,0-2 | 2x 0-3 | 2x 1-1 | 3x 2-2 | 2x 0-1 | 0-0 | 2x 1-0 | 2-1 | 3-0 | 4-0 | 1-2,5,6,6,,21,"1,24",
Skalnik Gracze,2,4-1 | 3-0,2,0,0,,6,"3,00",
GKS Katowice,23,3x 1-1 | 2x 2-1 | 3x 2-0 | 4x 1-0 | 0-1 | 1-3 | 6-1 | 1-2 pd. | 2x 0-2 | 2x 1-2 | 0-3 | 2-2 | 0-5,10,4,9,,34,"1,48",
Zagłębie Sosnowiec,22,3-1 | 3x 2-1 | 1-2 | 6x 0-0 | 2-5 | 4-5 | 3x 0-2 | 1-1 | 4-1 | 2x 2-2 | 0-1,5,9,6,,24,"1,20",
MKS Mława,2,2-0 | 1-0,2,0,0,,6,"3,00",
Lechia Gdańsk,20,3x 1-1 | 2x 0-1 | 1-3 | 0-2 | 2-4 | 2x 1-0 | 3-2 | 2-3 | 2-1 | 2x 2-2 | 3-1 | 0-5 | 0-4 | 0-3 | 1-2,5,5,10,,20,"1,00",
Flota Świnoujście,7,3-1 pd. | 3-1 | 0-2 | 1-2 | 3-0 | 2-1 | 1-1,4,1,2,,13,"1,86",
Heko Czermno,2,1-1 | 1-2,0,1,1,,1,"0,50",
Drwęca Nowe Miasto Lubawskie,2,1-1 | 3-0,1,1,0,,4,"2,00",
Zawisza Bydgoszcz,10,1-0 | 0-1 | 3-2 | 3-0 wo | 2x 2-2 | 0-0 | 2x 2-1 | 2-0,6,3,1,,21,"2,10",
Wisła Płock,12,0-3 | 2x 0-0 | 2-3 | 4-0 | 3-0 (wo) na boisku 1-0 | 3-0 | 3x 1-1 | 1-4 | 1-2,3,5,4,,14,"1,17",
Pelikan Łowicz,4,1-1 | 5-2 | 2-0 | 3-1,3,1,0,,10,"2,50",
Unia Janikowo,2,1-0 | 0-0,1,1,0,,4,"2,00",
Górnik /Zagłębie Wałbrzych,1,2-1,1,0,0,,3,"3,00",
Polonia Warszawa,10,2x 0-2 | 2-1 | 2-0 | 1-0 | 3x 1-2 | 1-1 | 0-1,3,1,6,,10,"1,00",
Odra Opole,18,2x 0-0 | 0-2 | 2x 1-0 | 2x 2-1 | 3x 2-0 | 2-2 | 2x 1-2 | 3-1 | 4-3 | 0-3 | 1-1 | 0-1,9,4,5,,31,"1,72",
Lech Poznań,16,2x 1-2 | 2x 1-1 | 2x 2-3 | 2x 0-0 | 0-1 | 2-0 | 0-2 | 2x 1-0 | 4-1 | 0-3 | 0-4,4,4,8,,16,"1,00",
ŁKS Łomża,4,2x 1-1 | 2x 2-0,2,2,0,,8,"2,00",
Kmita Zabierzów,6,2x 0-0 | 0-3 | 1-1 | 3-2 | 3-0 (wo),2,3,1,,9,"1,50",
Tur Turek,4,0-0 | 2-0 | 1-2 | 9-0,2,1,1,,7,"1,75",
Sandecja II Nowy Sącz,1,0-0 pd. k. 3-2,0,1,0,,1,"1,00",
Motor Lublin,9,2x 0-1 | 3-0 | 3x 0-0 | 1-1 | 2x 1-2,1,4,4,,7,"0,78",
Warta Poznań,17,3x 2-0 | 2-1 | 1-0 | 3x 1-2 | 1-4 | 3-0 | 1-1 | 0-1 | 4-1 | 3-4 | 0-2 | 2-3,7,1,7,,22,"1,47",
Znicz Pruszków,10,2x 0-0 | 4x 1-0 | 1-2 | 2x 1-1 | 2-0,5,4,1,,19,"1,90",
Stal Sanok,1,2-2 pd. k. 5-4,0,1,0,,1,"1,00",
Dolcan Ząbki,6,1-0 | 3-1 | 4-0 | 3-0 | 2-0 | 0-2,5,0,1,,15,"2,50",
Sandecja Nowy Sącz,16,2x 1-1 | 1-2 | 2x 1-0 | 2x 2-0 | 2x 0-0 | 2-1 | 0-2 | 3-1 | 2x 0-1 | 3-0 | 1-3,7,4,5,,25,"1,56",
MKS Kluczbork,7,2x 1-1 | 2x 3-1 | 1-0 | 2-1 | 2-0,5,2,0,,17,"2,43",
Start Otwock,2,1-2 | 2-2 pd. k. 6-5,0,1,1,,1,"0,50",
Kolejarz Stróże,2,1-1 | 2-0,1,1,0,,4,"2,00",
Bruk-Bet Termalica Nieciecza,13,5-0 | 0-0 | 2x 2-0 | 2x 0-1 | 1-2 | 4x 2-2 | 1-0 | 2-1,5,5,3,,20,"1,54",
Odra Wodzisław Śląski,2,1-0 | 2-1,2,0,0,,6,"3,00",
Wisła Kraków,19,3x 1-0 | 2x 2-2 | 2x 1-3 | 1-1 | 2x 0-0 | 2-3 | 0-6 | 2x 2-1 | 3-4 | 2x 0-3 | 2-0 | 3-3,6,6,7,,24,"1,26",
Resovia,12,3-1 | 2-0 | 3x 1-1 | 2x 2-2 | 4-3 | 3-2 | 2-1 | 3-0,6,5,0,,23,"2,09",
Legia Warszawa,14,2x 2-1 | 2x 0-1 | 1-3 | 1-2 | 0-4 | 2x 1-0 | 0-3 | 1-4 | 0-2 | 0-5 | 2-2,4,1,9,,13,"0,93",
Olimpia Grudziądz,10,2-0 | 0-3 | 3-0 | 0-0 | 3x 2-1 | 2x 1-2,5,1,3,,16,"1,78",
Bytovia Bytów,6,2-0 | 2-1 | 0-2 | 2x 1-1 | 3-1,3,2,1,,11,"1,83",
Wigry Suwałki,8,1-1 | 0-2 | 0-3 | 1-0 | 5-0 | 3-3 | 0-1 | 4-0,3,2,3,,11,"1,38",
Chojniczanka Chojnice,14,0-1 | 2x 1-1 | 0-4 | 0-0 | 2x 2-1 | 2-2 | 2x 1-0 | 3-2 | 4-1 | 1-2,6,4,3,,22,"1,69",
Wisła Puławy,4,0-0 | 1-0 | 1-2 | 2-1,2,1,1,,7,"1,75",
Stal Mielec,10,0-1 | 3x 1-0 | 2-3 | 4-0 | 0-2 | 4-1 | 2x 1-2,5,0,5,,15,"1,50",
GKS Tychy,14,2x 1-0 | 3x 2-2 | 3-3 | 2x 1-1 | 2-0 | 2x 0-0 | 4-1 | 0-3 | 0-2,4,8,2,,20,"1,43",
Pogoń Siedlce,6,2x 0-0 | 0-3 | 2-0 | 0-1 | 3-1,2,2,2,,8,"1,33",
Puszcza Niepołomice ,10,2-1 | 2x 3-1 | 2-3 | 1-0 | 2-2 | 4-0 | 2-4 | 0-1 | 1-1,5,2,3,,17,"1,70",
Garbarnia Kraków,2,0-0 | 2-0,1,1,0,,4,"2,00",
Wisła Sandomierz,1,2-3 pd.,0,0,1,,0,"0,00",
Stal Rzeszów,5,1-0 | 0-5 | 2x 2-2 | 0-1,2,1,2,,7,"1,40",
Skra Częstochowa ,6,1-0 | 1-1 | 3x 0-1 | 3-0,2,1,3,,7,"1,17",
Olimpia Elbląg,2,0-0 | 1-1,0,2,0,,2,"1,00",
Pogoń Grodzisk Mazowiecki,2,1-3 | 0-2,0,0,2,,0,"0,00",
Świt Szczecin,4,3-3 | 2-1 | 1-0,2,1,0,,7,"2,33",
Wieczysta Kraków,2,1-0 | 3-2,2,0,0,,6,"3,00",
Rekord Bielsko-Biała,4,0-3 | 2-0 | 2-3,1,0,2,,3,"1,00",
Zagłębie II Lubin,2,2-1 | 4-1,2,0,0,,6,"3,00",
ŁKS II Łódź,4,2-0 | 3-0 | 1-0,3,0,0,,9,"3,00",
KKS 1925 Kalisz,4,2x 0-1 | 1-0,1,0,2,,3,"1,00",
Hutnik Kraków,4,2x 2-0 | 3-3,2,1,0,,7,"2,33",
Śląsk II Wrocław,2,0-0,0,1,0,,1,"1,00",
Unia Skierniewice,2,3-0,1,0,0,,3,"3,00",
GKS Wikielec,1,1-2,0,0,1,,0,"0,00",
Sokół Kleczew,2,2-5,0,0,1,,0,"0,00",
Podhale Nowy Targ,2,0-2,0,0,1,,0,"0,00",
,,,433,272,314,,,,
,,,,,,,Wszystkie mecze,,
,,,,,,,1 019,,