lp.,imię i nazwisko,narodowość,flaga url,pozycja,Kolumna nr 1,data urodzenia,Wiek,1995/96,1996/97,1997/98,1998/99,1999/00,2000/01,2001/02,2002/03,2003/04,2004/05,2005/06,2006/07,2007/08,2008/09,2009/10,2010/11,2011/12,2012/13,2013/14,2014/15,2015/16,2016/17,2017/18,2018/19,2019/20,2020/21,2021/22,2022/23,2023/24,2024/25,2025/26,SUMA
435,Bartosz Martosz,Polska,https://flagcdn.com/w40/pl.png,napastnik,11-11),11.11.2006,19,,,,,,,,,,,,,,,,,,,,,,,,,,,,,,11,20,31
450,Dalibor Takáč,Słowacja,,pomocnik,10-11),11.10.1997,28,,,,,,,,,,,,,,,,,,,,,,,,,,,,,,,20,20
426,Marcin Biernat,Polska,https://flagcdn.com/w40/pl.png,obrońca,05-28),28.05.1992,33,,,,,,,,,,,,,,,,,,,,,,,,,,,,,,30,19,49
432,Mateusz Kizyma,Polska,https://flagcdn.com/w40/pl.png,pomocnik,07-08),08.07.2002,23,,,,,,,,,,,,,,,,,,,,,,,,,,,,,,28,19,47
434,Jan Majsterek,Polska,https://flagcdn.com/w40/pl.png,obrońca,06-09),09.06.2000,25,,,,,,,,,,,,,,,,,,,,,,,,,,,,,,28,19,47
442,Maciej Górski,Polska,https://flagcdn.com/w40/pl.png,napastnik,03-01),01.03.1990,35,,,,,,,,,,,,,,,,,,,,,,,,,,,,,,14,19,33
371,Maksymilian Sitek,Polska,https://flagcdn.com/w40/pl.png,pomocnik,12-04),04.12.2000,25,,,,,,,,,,,,,,,,,,,,,,,,,,19,,29,29,,18,95
433,Lucjan Klisiewicz,Polska,https://flagcdn.com/w40/pl.png,napastnik,04-20),20.04.2002,23,,,,,,,,,,,,,,,,,,,,,,,,,,,,,,32,17,49
454,Krzysztof Kolanko,Polska,https://flagcdn.com/w40/pl.png,pomocnik,08-03),03.08.2006,19,,,,,,,,,,,,,,,,,,,,,,,,,,,,,,,17,17
443,Marcin Urynowicz,Polska,https://flagcdn.com/w40/pl.png,napastnik,03-16),16.03.1996,29,,,,,,,,,,,,,,,,,,,,,,,,,,,,,,14,16,30
445,Wojciech Szumilas,Polska,https://flagcdn.com/w40/pl.png,pomocnik,11-07),07.11.1996,29,,,,,,,,,,,,,,,,,,,,,,,,,,,,,,15,16,31
317,Kacper Gach,Polska,https://flagcdn.com/w40/pl.png,obrońca,07-11),11.07.1998,27,,,,,,,,,,,,,,,,,,,,,,,1,8,19,13,18,,,27,15,101
428,Daniel Dziwniel,Polska /Niemcy,https://flagcdn.com/w40/pl.png,obrońca,08-19),19.08.1992,33,,,,,,,,,,,,,,,,,,,,,,,,,,,,,,21,13,34
449,Oskar Zawada,Polska,https://flagcdn.com/w40/pl.png,pomocnik,11-17),17.11.2006,19,,,,,,,,,,,,,,,,,,,,,,,,,,,,,,,13,13
453,Kacper Piątek,Polska,https://flagcdn.com/w40/pl.png,pomocnik,10-22),22.10.2000,25,,,,,,,,,,,,,,,,,,,,,,,,,,,,,,,11,11
430,Konrad Forenc,Polska,https://flagcdn.com/w40/pl.png,bramkarz,07-17),17.07.1992,33,,,,,,,,,,,,,,,,,,,,,,,,,,,,,,32,10,42
452,Unai Buján,Hiszpania,,pomocnik,02-08),08.02.2001,24,,,,,,,,,,,,,,,,,,,,,,,,,,,,,,,10,10
373,Bartosz Bieroński,Polska,https://flagcdn.com/w40/pl.png,pomocnik,05-10),10.05.2006,19,,,,,,,,,,,,,,,,,,,,,,,,,,,1,,,6,9,16
447,Richard Nagy,Słowacja,,obrońca,08-10),10.08.2000,25,,,,,,,,,,,,,,,,,,,,,,,,,,,,,,,9,9
455,Wojciech Słomka,Polska,https://flagcdn.com/w40/pl.png,pomocnik,11-04),04.11.1998,27,,,,,,,,,,,,,,,,,,,,,,,,,,,,,,,9,9
398,Krystian Wieczorek,Polska,https://flagcdn.com/w40/pl.png,bramkarz,07-22),22.07.2002,23,,,,,,,,,,,,,,,,,,,,,,,,,,,,1,,4,8,13
439,Dawid Ściuk,Polska,https://flagcdn.com/w40/pl.png,obrońca,06-30),30.06.2005,20,,,,,,,,,,,,,,,,,,,,,,,,,,,,,,9,7,16
425,Michał Bednarski,Polska,https://flagcdn.com/w40/pl.png,pomocnik,01-31),31.01.2000,25,,,,,,,,,,,,,,,,,,,,,,,,,,,,,,27,4,31
448,Szymon Brańczyk,Polska,https://flagcdn.com/w40/pl.png,bramkarz,08-13),13.08.2006,19,,,,,,,,,,,,,,,,,,,,,,,,,,,,,,,4,4
354,Kornel Osyra,Polska,https://flagcdn.com/w40/pl.png,obrońca,02-07),07.02.1993,32,,,,,,,,,,,,,,,,,,,,,,,,,32,2,,,,17,3,54
429,Bartosz Florek,Polska,https://flagcdn.com/w40/pl.png,napastnik,08-06),06.08.2004,21,,,,,,,,,,,,,,,,,,,,,,,,,,,,,,30,3,33
451,Łukasz Kabaj,Polska,https://flagcdn.com/w40/pl.png,obrońca,02-13),13.02.2006,19,,,,,,,,,,,,,,,,,,,,,,,,,,,,,,,3,3
441,Piotr Szumiński,Polska,,pomocnik,07-13),13.07.2006,19,,,,,,,,,,,,,,,,,,,,,,,,,,,,,,,1,1
446,Grzegorz Janusz,Polska,,napastnik,05-08),08.05.2006,19,,,,,,,,,,,,,,,,,,,,,,,,,,,,,,,1,1
456,Krzysztof Wiesner,Polska,,pomocnik,10-13),13.10.2009,16,,,,,,,,,,,,,,,,,,,,,,,,,,,,,,,1,1
1,Krzysztof Zagórski,Polska,,napastnik,02-04),04.02.1967,58,17,17,,22,,,,,,,,,,,,,,,,,,,,,,,,,,,,56
2,Mariusz Brańka,Polska,,,12-30),,125,16,18,,,26,6,,,,,,,,,,,,,,,,,,,,,,,,,,66
3,Mrózek,Polska,,,12-30),,125,16,,,,,,,,,,,,,,,,,,,,,,,,,,,,,,,16
4,Tomasz Duleba,Polska,,,12-30),,125,16,24,23,12,,5,,,,,,,,,,,,,,,,,,,,,,,,,,80
5,Tomasz Gębczyński,Polska,,,12-30),,125,16,,28,,,,,,,,,,,,,,,,,,,,,,,,,,,,,44
6,Krzysztof Nolka,Polska,,bramkarz,12-30),,125,15,25,27,20,,,,,,,,,,,,,,,,,,,,,,,,,,,,87
7,Rafał Studencki,Polska,,,12-30),,125,15,23,22,,1,,,,,,,,,,,,,,,,,,,,,,,,,,,61
8,Wiesław Wawrzuta,Polska,,,12-30),,125,14,,27,,,,,,,,,,,,,,,,,,,,,,,,,,,,,41
9,Jurasz,Polska,,,12-30),,125,14,16,,,,,,,,,,,,,,,,,,,,,,,,,,,,,,30
10,Paduch,Polska,,,12-30),,125,13,15,,,,,,,,,,,,,,,,,,,,,,,,,,,,,,28
11,Czechowski,Polska,,,12-30),,125,7,17,,1,,,,,,,,,,,,,,,,,,,,,,,,,,,,25
12,Dariusz Ziółkowski,Polska,,,12-30),,125,6,23,27,,26,6,,,,,,,,,,,,,,,,,,,,,,,,,,88
13,Krystian Gańcarczyk,Polska,,,12-30),,125,6,24,26,18,5,1,,,,,,,,,,,,,,,,,,,,,,,,,,80
14,Mariusz Smagoń,Polska,,,12-30),,125,4,24,,,,,,,,,,,,,,,,,,,,,,,,,,,,,,28
15,Marek Sokołowski,Polska,,pomocnik,03-11),11.03.1978,47,4,26,28,30,32,18,,7,,,,,,,,12,25,26,29,31,29,20,,,,,,,,,,287
15,Grzegorz Bak,Polska,,,12-30),,125,,10,25,,,,,,,,,,,,,,,,,,,,,,,,,,,,,35
16,Bubula,Polska,,,12-30),,125,3,,,,,,,,,,,,,,,,,,,,,,,,,,,,,,,3
17,Włodarczak,Polska,,,12-30),,125,3,,,,,,,,,,,,,,,,,,,,,,,,,,,,,,,3
18,Kubinek,Polska,,,12-30),,125,2,,,,,,,,,,,,,,,,,,,,,,,,,,,,,,,2
19,Kusiak,Polska,,,12-30),,125,2,,,,,,,,,,,,,,,,,,,,,,,,,,,,,,,2
20,Bartosz Żelichowski,Polska,,,12-30),,125,2,15,1,,,,,,,,,,,,,,,,,,,,,,,,,,,,,18
20,Przemysław Bieniek,Polska,,,12-30),,125,,9,1,,,,,,,,,,,,,,,,,,,,,,,,,,,,,10
21,Michał Klimczak,Polska,,bramkarz,12-30),,125,2,6,3,,,,,,,,,,,,,,,,,,,,,,,,,,,,,11
22,Filimowski,Polska,,,12-30),,125,1,,,,,,,,,,,,,,,,,,,,,,,,,,,,,,,1
23,Krzysztof Szczygieł,Polska,,,12-30),,125,1,28,11,,,,,,,,,,,,,,,,,,,,,,,,,,,,,40
24,Jerzy Pilarz,Polska,,,12-30),,125,,18,,,,,,,,,,,,,,,,,,,,,,,,,,,,,,18
25,Kaletka,Polska,,,12-30),,125,,9,,,,,,,,,,,,,,,,,,,,,,,,,,,,,,9
26,Jerzy Gruszfeld,Polska,,,12-30),,125,,8,,,,,,,,,,,,,,,,,,,,,,,,,,,,,,8
27,Szal,Polska,,,12-30),,125,,4,,,,,,,,,,,,,,,,,,,,,,,,,,,,,,4
28,Marcin Ślęzak,Polska,,bramkarz,12-30),,125,,3,1,16,,,,,,,,,,,,,,,,,,,,,,,,,,,,20
28,Janicki,Polska,,,12-30),,125,,3,,,,,,,,,,,,,,,,,,,,,,,,,,,,,,3
29,Zygmunt,Polska,,,12-30),,125,,1,,,,,,,,,,,,,,,,,,,,,,,,,,,,,,1
30,Paweł Senecki,Polska,,,12-30),,125,,,25,4,,,,,,,,,,,,,,,,,,,,,,,,,,,,29
31,Marek Móll,Polska,,,06-26),26.06.1968,57,,,25,15,,,,,,,,,,,,,,,,,,,,,,,,,,,,40
32,Krzysztof Skrzyp,Polska,,,12-30),,125,,,9,,,,,,,,,,,,,,,,,,,,,,,,,,,,,9
33,Andrzej Fluder,Polska,,,12-30),,125,,,7,,,,,,,,,,,,,,,,,,,,,,,,,,,,,7
34,Jacek Czernek,Polska,,,12-30),,125,,,15,,,,,,,,,,,,,,,,,,,,,,,,,,,,,15
35,Jarosław Gawłowski,Polska,,,12-30),,125,,,13,,,,,,,,,,,,,,,,,,,,,,,,,,,,,13
36,Mirosław Marasik,Polska,,,12-30),,125,,,2,,,,,,,,,,,,,,,,,,,,,,,,,,,,,2
37,Bogusław Zioło,Polska,,,12-30),,125,,,10,,,,,,,,,,,,,,,,,,,,,,,,,,,,,10
38,Tomasz Moskała,Polska,,napastnik,02-05),05.02.1977,48,,,20,32,27,20,,,,,,,,,,,,,,,,,,,,,,,,,,99
39,Maciej Matejko,Polska,,,12-30),,125,,,13,10,,,,,,,,,,,,,,,,,,,,,,,,,,,,23
40,Piotr Kuś,Polska,,,12-30),,125,,,12,24,,,,,,,,,,,,,,,,,,,,,,,,,,,,36
41,Foltyn,Polska,,,12-30),,125,,,1,,,,,,,,,,,,,,,,,,,,,,,,,,,,,1
42,Damian Połącarz,Polska,,,12-30),,125,,,2,,,,,,,,,,,,,,,,,,,,,,,,,,,,,2
43,Wrzaszcz,Polska,,,12-30),,125,,3,,1,,,,,,,,,,,,,,,,,,,,,,,,,,,,4
43,Mirosław Majdak,Polska,,pomocnik,12-30),,125,,,1,,,,,,,,,,,,,,,,,,,,,,,,,,,,,1
44,Adam Majdak,Polska,,napastnik,12-30),,125,,,1,,,,,,,,,,,,,,,,,,,,,,,,,,,,,1
45,Brycz,Polska,,,12-30),,125,,,1,,,,,,,,,,,,,,,,,,,,,,,,,,,,,1
46,Piotr Kalinowski,Polska,,,12-30),,125,,,,28,4,,,,,,,,,,,,,,,,,,,,,,,,,,,32
47,Robert Wszołek,Polska,,,12-30),,125,,,,31,,,,,,,,,,,,,,,,,,,,,,,,,,,,31
48,Sławomir Frączek,Polska,,,12-30),,125,,,,33,,,,,,,,,,,,,,,,,,,,,,,,,,,,33
49,Mariusz Sibik,Polska,,,12-30),,125,,,,25,10,,,,,,,,,,,,,,,,,,,,,,,,,,,35
50,Łukasz Nolka,Polska,,bramkarz,12-30),,125,,,,1,3,,,,,,,,,,,,,,,,,,,,,,,,,,,4
51,Dariusz Drewniak,Polska,,,12-30),,125,,,,8,22,,12,,,,,,,,,,,,,,,,,,,,,,,,,42
52,Distel,Polska,,,12-30),,125,,,,8,1,,,,,,,,,,,,,,,,,,,,,,,,,,,9
53,Kania,Polska,,,12-30),,125,,,,1,,,,,,,,,,,,,,,,,,,,,,,,,,,,1
54,Arkadiusz Rucki,Polska,,,12-30),,125,,,,1,5,4,9,,,,,,,,,,,,,,,,,,,,,,,,,19
55,Włodarczyk,Polska,,,12-30),,125,,,,2,,,,,,,,,,,,,,,,,,,,,,,,,,,,2
56,Waliczek,Polska,,,12-30),,125,,,,2,,,,,,,,,,,,,,,,,,,,,,,,,,,,2
57,Jarosław Matusiak,Polska,,bramkarz,02-15),15.02.1965,60,,,,1,34,38,29,,,,,,,,,,,,,,,,,,,,,,,,,102
58,Arkadiusz Lazar,Polska,,napastnik,01-05),05.01.1971,54,,,,,32,8,,,,,,,,,,,,,,,,,,,,,,,,,,40
59,Janusz Pancer,Polska,,,12-30),,125,,,,,10,,,,,,,,,,,,,,,,,,,,,,,,,,,10
60,Nalepa,Polska,,,12-30),,125,,,,,5,,,,,,,,,,,,,,,,,,,,,,,,,,,5
61,Roman Skorupa,Polska,,pomocnik,04-28),28.04.1967,58,,,,,13,,,,,,,,,,,,,,,,,,,,,,,,,,,13
62,Młynarczyk,Polska,,,12-30),,125,,,,,15,,,,,,,,,,,,,,,,,,,,,,,,,,,15
63,Koźmiński,Polska,,,12-30),,125,,,,,1,,2,,,,,,,,,,,,,,,,,,,,,,,,,3
64,Arkadiusz Kłoda,Polska,,obrońca,11-24),24.11.1980,45,,,,,,36,,,,,,,,,,,,,,,,,,,,,,,,,,36
65,Daniel Dziarmaga,Polska,,pomocnik,09-30),30.09.1974,51,,,,,33,31,15,,,,,,,,,,,,,,,,,,,,,,,,,79
66,Sebastian Olszar,Polska /Niemcy,,napastnik,12-16),16.12.1981,44,,,,,,20,,,,,,,,,,,,,,,,,,,,,,,,,,20
67,Marcin Radzewicz,Polska,,pomocnik,06-30),30.06.1980,45,,,,,,20,,,,,,,,,,,,,,,,,,,,,,,,,,20
68,Marcin Domagała,Polska,,,12-30),,125,,,,,,24,,,,,,,,,,,,,,,,,,,,,,,,,,24
69,Samson Godwin,Nigeria,,pomocnik,11-11),11.11.1983,42,,,,,,23,,,,,,,,,,,,,,,,,,,,,,,,,,23
70,Grzegorz Jurczyk,Polska,,obrońca,08-06),06.08.1975,50,,,,,,9,,,,,,,,,,,,,,,,,,,,,,,,,,9
71,Robert Sołtysek,Polska,,pomocnik,11-26),26.11.1974,51,,,,,,14,,,,,,,,,,,,,,,,,,,,,,,,,,14
72,Roman Cegiełka,Polska,,pomocnik,02-20),20.02.1972,53,,,,,,,5,,,,,,,,,,,,,,,,,,,,,,,,,5
73,Kolber,Polska,,,12-30),,125,,,,,,,4,,,,,,,,,,,,,,,,,,,,,,,,,4
74,Karol Stawecki,Polska,,napastnik,06-18),18.06.1978,47,,,,,,,31,,,,,,,,,,,,,,,,,,,,,,,,,31
75,Tomasz Matloch,Polska,,obrońca,05-24),24.05.1973,52,,,,,,,28,,,,,,,,,,,,,,,,,,,,,,,,,28
76,Damian Galeja,Polska,,pomocnik,02-05),05.02.1976,49,,,,,,,9,,,,,,,,,,,,,,,,,,,,,,,,,9
77,Artur Pajkos,Polska,,obrońca,12-19),19.12.1972,53,,,,,,,21,,,,,,,,,,,,,,,,,,,,,,,,,21
78,Łysoń,Polska,,,12-30),,125,,,,,,,1,,,,,,,,,,,,,,,,,,,,,,,,,1
79,Marcin Folga,Polska,,napastnik,03-31),31.03.1977,48,,,,,,,6,,,,,,,,,,,,,,,,,,,,,,,,,6
80,Patryk Krupa,Polska,,,12-30),,125,,,,,,,12,,,,,,,,,,,,,,,,,,,,,,,,,12
81,Piotr Bielak,Polska,,pomocnik,09-04),04.09.1976,49,,,,,,,,13,,,,,,,,,,,,,,,,,,,,,,,,13
82,Grzegorz Bogdan,Polska,,pomocnik,08-27),27.08.1980,45,,,,,,,31,26,9,,,2,,,,,,,,,,,,,,,,,,,,68
83,Jarosław Bujok,Polska,,obrońca,09-04),04.09.1974,51,,,,,34,32,31,31,31,37,,,,,,,,,,,,,,,,,,,,,,196
84,Dawid Bułka,Polska,,bramkarz,06-01),01.06.1976,49,,,,,,1,7,32,13,,,,,,,,,,,,,,,,,,,,,,,53
85,Piotr Cetnarowicz,Polska,,napastnik,05-19),19.05.1973,52,,,,,,,,12,,,,,,,,,,,,,,,,,,,,,,,,12
86,Piotr Czak,Polska,,napastnik,05-18),18.05.1971,54,,,,,,,,32,29,,,,,,,,,,,,,,,,,,,,,,,61
87,Zdeněk Dembinný,Czechy,,pomocnik,03-03),03.03.1980,45,,,,,,,,4,,,,,,,,,,,,,,,,,,,,,,,,4
88,Mariusz Gałgan,Polska,,napastnik,06-15),15.06.1976,49,,,,,,16,,27,,,,,,,,,,,,,,,,,,,,,,,,43
89,Paweł Hajduczek,Polska,,pomocnik,05-17),17.05.1982,43,,,,,,,,13,,,,,,,,,,,,,,,,,,,,,,,,13
90,Lukáš Hojdys,Czechy,,napastnik,11-28),28.11.1984,41,,,,,,,,3,,,,,,,,,,,,,,,,,,,,,,,,3
91,Mariusz Jendryczko,Polska,,obrońca,06-26),26.06.1973,52,,,,31,26,33,29,28,15,,,,,,,,,,,,,,,,,,,,,,,162
92,Marcin Klaczka,Polska,,obrońca,08-13),13.08.1973,52,,,,,,,,31,28,,,,,,,,,,,,,,,,,,,,,,,59
93,Michał Kurzeja,Polska,,obrońca,02-01),01.02.1971,54,,,,26,28,30,26,9,,,,,,,,,,,,,,,,,,,,,,,,119
94,Sebastian Łukiewicz,Polska,,bramkarz,03-07),07.03.1971,54,,,,,,,,2,,,,,,,,,,,,,,,,,,,,,,,,2
95,Robert Piekarski,Polska,,obrońca,04-01),01.04.1970,55,,,,,30,38,33,33,27,14,,,,,,,,,,,,,,,,,,,,,,175
96,Adrian Sikora,Polska,,napastnik,03-19),19.03.1980,45,,,,,,13,24,15,,,,,,,,,,,,,,,,,,,,,,,,52
97,Andrzej Szłapa,Polska,,pomocnik,06-19),19.06.1975,50,,,,,,,33,33,16,,,,,,,,,,,,,,,,,,,,,,,82
98,Dariusz Turkowski,Polska,,obrońca,11-02),02.11.1975,50,,,,,,,,10,,,,,,,,,,,,,,,,,,,,,,,,10
99,Grzegorz Więzik,Polska,,pomocnik,07-21),21.07.1963,62,,,,30,34,26,24,19,,,,,,,,,,,,,,,,,,,,,,,,133
100,Grzegorz Wilczok,Polska,,obrońca,03-19),19.03.1969,56,,,,,,,,11,,,,,,,,,,,,,,,,,,,,,,,,11
101,Bartosz Woźniak,Polska,,pomocnik,09-23),23.09.1977,48,,,,,31,34,33,27,23,,,,,,,,,,,,,,,,,,,,,,,148
102,Sławomir Zachnik,Polska,,pomocnik,06-05),05.06.1977,48,,,,,,,,9,,,,,,,,,,,,,,,,,,,,,,,,9
103,Damian Zdolski,Polska,,napastnik,07-09),09.07.1984,41,,,,,4,6,3,9,13,10,,15,,,,,,,,,,,,,,,,,,,,60
104,Robert Zięba,Polska,,obrońca,05-19),19.05.1981,44,,,,1,16,29,21,9,5,21,15,,,,,,,,,,,,,,,,,,,,,117
105,Marcin Żukowski,Polska,,pomocnik,06-03),03.06.1981,44,,,,,,,,27,22,,,,,,,,,,,,,,,,,,,,,,,49
106,Mieczysław Agafon,Polska,,pomocnik,11-18),18.11.1971,54,,,,,,,,,29,,,,,,,,,,,,,,,,,,,,,,,29
107,Łukasz Błasiak,Polska,,napastnik,07-30),30.07.1978,47,,,,,,,,,14,36,,,,,,,,,,,,,,,,,,,,,,50
108,Sławomir Cienciała,Polska,,obrońca,03-19),19.03.1983,42,,,,,,,,,12,27,,30,21,32,17,29,9,7,,,,,,,,,,,,,,184
109,Paweł Jermakowicz,Polska,,obrońca,02-01),01.02.1975,50,,,,,,,,,18,,,,,,,,,,,,,,,,,,,,,,,18
110,Tomasz Kazimierowicz,Polska,,pomocnik,06-12),12.06.1979,46,,,,,,,,,8,,,,,,,,,,,,,,,,,,,,,,,8
111,Piotr Koman,Polska,,pomocnik,06-25),25.06.1985,40,,,,,,,,,4,38,38,29,16,1,,31,9,2,,,,,,,,,,,,,,168
112,Uzoma Luke,Nigeria,,napastnik,05-27),27.05.1982,43,,,,,,,,,13,,,,,,,,,,,,,,,,,,,,,,,13
113,Marek Matuszek,Polska,,bramkarz,11-13),13.11.1970,55,,,,,,,,,6,14,6,,,,,,,,,,,,,,,,,,,,,26
114,Łukasz Merda,Polska,,bramkarz,05-04),04.05.1980,45,,,,,,,,,15,29,31,23,33,28,6,,,,,,,,,,,,,,,,,165
115,Bogdan Prusek,Polska,,napastnik,04-11),11.04.1971,54,,,,,,,,,10,15,,,,,,,,,,,,,,,,,,,,,,25
116,Wojciech Rączka,Polska,,pomocnik,11-01),01.11.1976,49,,,,,,,,,25,32,14,,,,,,,,,,,,,,,,,,,,,71
117,Abel Salami,Nigeria,,napastnik,12-15),15.12.1979,46,,,,,,,,,18,,,,,,,,,,,,,,,,,,,,,,,18
118,Mieczysław Sikora,Polska,,napastnik,02-06),06.02.1982,43,,,,,,,,,16,,,,,9,,,,,,,,,,,,,,,,,,25
119,Andriej Szyło,Białoruś,,pomocnik,07-11),11.07.1976,49,,,,,,,,,15,,,,,,,,,,,,,,,,,,,,,,,15
120,Seweryn Wojciechowski,Polska,,pomocnik,05-25),25.05.1980,45,,,,,,,,,1,,,,,,,,,,,,,,,,,,,,,,,1
121,Paweł Woźniak,Polska,,pomocnik,10-11),11.10.1978,47,,,,,,,,,13,,,,,,,,,,,,,,,,,,,,,,,13
122,Rafał Andraszak,Polska,,pomocnik,02-05),05.02.1978,47,,,,,,,,,,19,,,,,,,,,,,,,,,,,,,,,,19
123,Daniel Dubicki,Polska,,pomocnik,05-25),25.05.1975,50,,,,,,,,,,20,,,,,,,,,,,,,,,,,,,,,,20
124,François Endene,Kamerun /Meksyk,,napastnik,10-20),20.10.1978,47,,,,,,,,,,16,,,,,,,,,,,,,,,,,,,,,,16
125,Tomasz Fornalik,Polska,,obrońca,06-03),03.06.1973,52,,,,,,,,,,2,,,,,,,,,,,,,,,,,,,,,,2
126,Tomasz Górkiewicz,Polska,,obrońca,01-28),28.01.1985,40,,,,,,,,,,3,24,31,20,1,9,12,11,12,30,34,,,,,,,,,,,,187
127,Hubert Jaromin,Polska,,pomocnik,03-04),04.03.1979,46,,,,,,,,,,13,,,,,,,,,,,,,,,,,,,,,,13
128,Adam Kompała,Polska,,pomocnik,08-16),16.08.1973,52,,,,,,,,,,40,,,,,,,,,,,,,,,,,,,,,,40
129,Tomasz Księżyc,Polska,,obrońca,04-20),20.04.1974,51,,,,,,,,,,15,,,,,,,,,,,,,,,,,,,,,,15
130,Marcin Makuch,Polska,,obrońca,04-03),03.04.1980,45,,,,,,,,,,17,13,,,,,,,,,,,,,,,,,,,,,30
131,Grzegorz Pater,Polska,,pomocnik,05-05),05.05.1974,51,,,,,,,,,,38,36,29,26,12,,,,,,,,,,,,,,,,,,141
132,Cristian Popescu,Rumunia,,obrońca,10-10),10.10.1973,52,,,,,,,,,,1,,,,,,,,,,,,,,,,,,,,,,1
133,Artur Prokop,Polska,,pomocnik,12-18),18.12.1972,53,,,,,,,,,,40,,,,,,,,,,,,,,,,,,,,,,40
134,Błażej Radler,Polska,,obrońca,08-02),02.08.1982,43,,,,,,,,,,33,,,,,,,,,,,,,,,,,,,,,,33
135,Artur Rozmus,Polska,,napastnik,11-01),01.11.1977,48,,,,,,19,,,,26,,,,,,,,,,,,,,,,,,,,,,45
136,Dariusz Rucki,Polska,,obrońca,02-03),03.02.1985,40,,,,,,,,,,1,3,10,,,,,,,,,,,,,,,,,,,,14
137,Mariusz Sacha,Polska,,pomocnik,07-19),19.07.1987,38,,,,,,,,,,8,32,29,25,19,,,15,5,,,,,,,,,,,,,,133
138,Paweł Sibik,Polska,,pomocnik,02-15),15.02.1971,54,,,,,,,,,,17,,,,,,,,,,,,,,,,,,,,,,17
139,Paweł Stalmach,Polska,,pomocnik,11-18),18.11.1983,42,,,,,,,,,,15,6,,,,,,,,,,,,,,,,,,,,,21
140,Grzegorz Sztorc,Polska,,napastnik,12-11),11.12.1981,44,,,,,,,,,,2,,,,,,,,,,,,,,,,,,,,,,2
141,Adam Bała,Polska,,pomocnik,01-17),17.01.1973,52,,,,,,,,,,,11,,,,,,,,,,,,,,,,,,,,,11
142,Nikołaj Branfiłow,Białoruś,,obrońca,12-16),16.12.1977,48,,,,,,,,,,,16,,,,,,,,,,,,,,,,,,,,,16
143,Krzysztof Chrapek,Polska,,napastnik,10-07),07.10.1985,40,,,,,,,,,,,14,30,29,32,,,,,19,16,,,,,,,,,,,,140
144,Piotr Gierczak,Polska,,pomocnik,05-02),02.05.1976,49,,,,,,,,,,,18,,,,,,,,,,,,,,,,,,,,,18
145,Łukasz Gorszkow,Polska,,pomocnik,10-06),06.10.1974,51,,,,,,,,,,,36,29,29,5,,,,,,,,,,,,,,,,,,99
146,Marcin Hirsz,Polska,,obrońca,01-04),04.01.1980,45,,,,,,,,,,,8,15,23,9,,,,,,,,,,,,,,,,,,55
147,Jacek Imianowski,Polska,,obrońca,02-09),09.02.1981,44,,,,,,,,,,,5,,,,,,,,,,,,,,,,,,,,,5
148,Błażej Jankowski,Polska,,obrońca,10-26),26.10.1980,45,,,,,,,,,,,15,,,,,,,,,,,,,,,,,,,,,15
149,Sławomir Jarczyk,Polska,,obrońca,08-18),18.08.1980,45,,,,,,,,,,,17,,,,,,,,,,,,,,,,,,,,,17
150,Tomasz Jodłowiec,Polska,,pomocnik,09-08),08.09.1985,40,,,,,,,,,,,13,,,,,,,,,,,,,,,,,18,22,,,53
151,Daniel Kasprzycki,Polska,,pomocnik,01-31),31.01.1985,40,,,,,,,,,,,1,,,,,,,,,,,,,,,,,,,,,1
152,Dariusz Kołodziej,Polska,,pomocnik,04-17),17.04.1982,43,,,,,,,,,,,31,32,32,,30,18,7,3,16,18,14,14,,,,,,,,,,215
153,Kamil Konieczny,Polska,,pomocnik,04-17),17.04.1982,43,,,,,,,,,,,3,2,3,,,,,,,,,,,,,,,,,,,8
154,Krzysztof Kowalczyk,Polska,,pomocnik,03-11),11.03.1979,46,,,,,,,,,,,27,,,,,,,,,,,,,,,,,,,,,27
155,Krzysztof Michałowski,Polska,,bramkarz,01-04),04.01.1984,41,,,,,,,,,,,5,13,,,,,,,,,,,,,,,,,,,,18
156,Przemysław Pluta,Polska,,pomocnik,11-13),13.11.1978,47,,,,,,,,,,,11,,,,,,,,,,,,,,,,,,,,,11
157,Grzegorz Podstawek,Polska,,napastnik,06-25),25.06.1979,46,,,,,,,,,,,35,,,,,,,,,,,,,,,,,,,,,35
158,Paweł Sobczak,Polska,,napastnik,06-29),29.06.1978,47,,,,,,,,,,,27,,,,,,,,,,,,,,,,,,,,,27
159,Bartłomiej Socha,Polska,,napastnik,08-28),28.08.1981,44,,,,,,,,,,,9,,,,,,,,,,,,,,,,,,,,,9
160,Stanley Udenkwor,Nigeria /Polska,,napastnik,05-01),01.05.1981,44,,,,,,,,,,,12,,,,,,,,,,,,,,,,,,,,,12
161,Krzysztof Butryn,Polska,,pomocnik,11-17),17.11.1981,44,,,,,,,,,,,,24,3,,,,,,,,,,,,,,,,,,,27
162,Aleksandr Gierasimowicz,Białoruś,,bramkarz,01-02),02.01.1979,46,,,,,,,,,,,,1,,,,,,,,,,,,,,,,,,,,1
163,Marcin Józefowicz,Polska,,napastnik,01-31),31.01.1977,48,,,,,,,,,,,,24,,,,,,,,,,,,,,,,,,,,24
164,Marcin Kocur,Polska,,napastnik,01-29),29.01.1984,41,,,,,,,,,,,,30,5,,,,,,,,,,,,,,,,,,,35
165,Artur Łazar,Polska,,pomocnik,01-11),11.01.1980,45,,,,,,,,,,,,3,,,,,,,,,,,,,,,,,,,,3
166,Artur Monasterski,Polska,,obrońca,02-06),06.02.1983,42,,,,,,,,,,,,22,,,,,,,,,,,,,,,,,,,,22
167,Mike Mozie,Nigeria,,obrońca,03-20),20.03.1978,47,,,,,,,,,,,,29,16,,,,,,,,,,,,,,,,,,,45
168,Paweł Odrzywolski,Polska,,obrońca,03-06),06.03.1983,42,,,,,,,,,,,,17,7,,,,,,,,,,,,,,,,,,,24
169,Marcin Wielgus,Polska,,napastnik,09-22),22.09.1980,45,,,,,,,,,,,,11,,,,,,,,,,,,,,,,,,,,11
170,Marcin Wróbel,Polska,,napastnik,11-28),28.11.1984,41,,,,,,,,,,,,3,,,,,,,,,,,,,,,,,,,,3
171,Krzysztof Zaremba,Polska,,pomocnik,12-08),08.12.1987,38,,,,,,,,,,,,7,12,26,,9,,,,,,,,,,,,,,,,54
172,Juraj Dančík,Słowacja,,obrońca,02-21),21.02.1982,43,,,,,,,,,,,,,24,20,27,25,22,6,,,,,,,,,,,,,,124
173,Rafał Jarosz,Polska,,pomocnik,03-12),12.03.1976,49,,,,,,,,,,,,,32,28,17,,,,,,,,,,,,,,,,,77
174,Andrzej Maślorz,Polska,,pomocnik,10-31),31.10.1985,40,,,,,,,,,,,,,4,,,,,,,,,,,,,,,,,,,4
175,Martin Matúš,Słowacja,,napastnik,03-09),09.03.1982,43,,,,,,,,,,,,,33,23,13,,,,,,,,,,,,,,,,,69
176,Rafał Nalepa,Polska,,obrońca,05-13),13.05.1988,37,,,,,,,,,,,,,1,,,,,,,,,,,,,,,,,,,1
177,Jacek Paczkowski,Polska,,obrońca,09-02),02.09.1981,44,,,,,,,,,,,,,1,,,,,,,,,,,,,,,,,,,1
178,Adrian Pajączkowski,Polska,,obrońca,06-18),18.06.1979,46,,,,,,,,,,,,,8,,,,,,,,,,,,,,,,,,,8
179,Marcin Pęszor,Polska,,napastnik,07-05),05.07.1989,36,,,,,,,,,,,,,1,,,,,,,,,,,,,,,,,,,1
180,Janusz Surdykowski,Polska,,napastnik,05-04),04.05.1986,39,,,,,,,,,,,,,9,,,,,,,,,,,,,,,,,,,9
181,Maciej Szmatiuk,Polska,,obrońca,05-09),09.05.1980,45,,,,,,,,,,,,,33,33,,,,,,,,,,,,,,,,,,66
182,Sebastian Szymański,Polska,,bramkarz,10-04),04.10.1979,46,,,,,,,,,,,,,2,7,,,,,,,,,,,,,,,,,,9
183,Damian Świerblewski,Polska,,pomocnik,01-17),17.01.1984,41,,,,,,,,,,,,,13,22,18,,,,,,,,,,,,,,,,,53
184,Piotr Urbańczyk,Polska,,pomocnik,05-28),28.05.1989,36,,,,,,,,,,,,,1,,,,,,,,,,,,,,,,,,,1
185,Mateusz Żemła,Polska,,pomocnik,03-02),02.03.1985,40,,,,,,,,,,,,,1,,,,,,,,,,,,,,,,,,,1
186,Paweł Żmudziński,Polska,,pomocnik,01-16),16.01.1978,47,,,,,,,,,,,,,25,21,,,,,,,,,,,,,,,,,,46
187,Paweł Baranowski,Polska,,obrońca,10-11),11.10.1990,35,,,,,,,,,,,,,,2,6,,,,,,14,,,,,,,,,,,22
188,Jarosław Białek,Polska,,pomocnik,02-22),22.02.1981,44,,,,,,,,,,,,,,3,4,,,,,,,,,,,,,,,,,7
189,Adam Brzezina,Czechy,,napastnik,10-30),30.10.1978,47,,,,,,,,,,,,,,16,,,,,,,,,,,,,,,,,,16
190,Damian Chmiel,Polska,,pomocnik,05-06),06.05.1987,38,,,,,,,,,,,,,,10,7,22,1,27,22,37,24,21,12,,,,,,,,,183
191,Arkadiusz Gołąb,Polska,,obrońca,04-21),21.04.1989,36,,,,,,,,,,,,,,1,,1,,,,,,,,,,,,,,,,2
192,Bartłomiej Konieczny,Polska,,obrońca,06-09),09.06.1981,44,,,,,,,,,,,,,,24,18,29,27,14,25,31,,,,,,,,,,,,168
193,Piotr Malinowski,Polska,,pomocnik,03-24),24.03.1984,41,,,,,,,,,,,,,,7,31,35,25,27,33,28,,,,,,,,,,,,186
194,Clemence Matawu,Zimbabwe,,pomocnik,11-29),29.11.1982,43,,,,,,,,,,,,,,8,32,,,,,,,,,,,,,,,,,40
195,Łukasz Matusiak,Polska,,pomocnik,05-07),07.05.1985,40,,,,,,,,,,,,,,29,27,11,,,,,,,,,,,,,,,,67
196,Bernanrd Ocholeche,Nigeria,,pomocnik,05-24),24.05.1987,38,,,,,,,,,,,,,,7,1,,,,,,,,,,,,,,,,,8
197,Michał Osiński,Polska,,obrońca,09-05),05.09.1978,47,,,,,,,,,,,,,,28,31,34,5,,,,,,,,,,,,,,,98
198,Patmore Shereni,Zimbabwe,,obrońca,09-14),14.09.1984,41,,,,,,,,,,,,,,1,,,,,,,,,,,,,,,,,,1
199,Sebastian Ziajka,Polska,,obrońca,12-15),15.12.1982,43,,,,,,,,,,,,,,11,,33,25,13,,,,,,,,,,,,,,82
200,Piotr Bagnicki,Polska,,napastnik,12-10),10.12.1980,45,,,,,,,,,,,,,,,31,,,,,,,,,,,,,,,,,31
201,Jacek Broniewicz,Polska,,obrońca,09-18),18.09.1981,44,,,,,,,,,,,,,,,9,23,1,,,,,,,,,,,,,,,33
202,Mateusz Cieluch,Polska,,napastnik,10-21),21.10.1987,38,,,,,,,,,,,,,,,3,,,,,,,,,,,,,,,,,3
203,Łukasz Ganowicz,Polska,,obrońca,05-23),23.05.1981,44,,,,,,,,,,,,,,,24,,,,,,,,,,,,,,,,,24
204,Łukasz Kanik,Polska,,pomocnik,02-26),26.02.1988,37,,,,,,,,,,,,,,,19,,,,,,,,,,,,,,,,,19
205,Paweł Linka,Polska,,bramkarz,06-26),26.06.1986,39,,,,,,,,,,,,,,,2,1,,,,,,,,,,,,,,,,3
206,Joachim Mikler,Polska,,bramkarz,11-15),15.11.1988,37,,,,,,,,,,,,,,,12,,,,,,,,,,,,,,,,,12
207,Ndabenkulu Ncube,Zimbabwe,,pomocnik,08-02),02.08.1988,37,,,,,,,,,,,,,,,13,,,,,,,,,,,,,,,,,13
208,Sylwester Patejuk,Polska,,pomocnik,11-30),30.11.1982,43,,,,,,,,,,,,,,,31,30,29,,,19,,,,,,,,,,,,109
209,Piotr Rocki,Polska,,pomocnik,01-11),11.01.1974,51,,,,,,,,,,,,,,,23,,,,,,,,,,,,,,,,,23
210,Krzysztof Świątek,Polska,,pomocnik,01-13),13.01.1987,38,,,,,,,,,,,,,,,5,,,,,,,,,,,,,,,,,5
211,Richard Zajac,Słowacja,,bramkarz,08-16),16.08.1976,49,,,,,,,,,,,,,,,15,40,21,27,25,21,,,,,,,,,,,,149
212,Mateusz Żyła,Polska,,pomocnik,09-16),16.09.1989,36,,,,,,,,,,,,,,,3,7,,,,,,,,,,,,,,,,10
213,Damian Byrtek,Polska,,obrońca,03-07),07.03.1991,34,,,,,,,,,,,,,,,,5,5,9,,,,,,,,,,,,,,19
214,Adam Cieśliński,Polska,,napastnik,05-11),11.05.1982,43,,,,,,,,,,,,,,,,33,13,,,,,,,,,,,,,,,46
215,Dariusz Łatka,Polska,,pomocnik,09-14),14.09.1978,47,,,,,,,,,,,,,,,,31,25,26,31,,,,,,,,,,,,,113
216,František Metelka,Czechy,,pomocnik,04-08),08.04.1980,45,,,,,,,,,,,,,,,,15,9,,,,,,,,,,,,,,,24
217,Mariusz Mikoda,Polska,,obrońca,09-13),13.09.1992,33,,,,,,,,,,,,,,,,3,,,,,,,,,,,,,,,,3
218,Maciej Rogalski,Polska,,pomocnik,05-21),21.05.1980,45,,,,,,,,,,,,,,,,34,19,,,,,,,,,,,,,,,53
219,Mateusz Bąk,Polska,,bramkarz,02-24),24.02.1983,42,,,,,,,,,,,,,,,,,12,4,,,,,,,,,,,,,,16
220,Liran Cohen,Izrael,,pomocnik,02-14),14.02.1983,42,,,,,,,,,,,,,,,,,20,16,,,,,,,,,,,,,,36
221,Ivan Ćurić,Chorwacja,,napastnik,05-18),18.05.1987,38,,,,,,,,,,,,,,,,,6,,,,,,,,,,,,,,,6
222,Róbert Demjan,Słowacja,,napastnik,10-26),26.10.1982,43,,,,,,,,,,,,,,,,35,31,30,,37,35,25,,,,,,,,,,193
223,Liad Elmalich,Izrael,,pomocnik,02-21),21.02.1989,36,,,,,,,,,,,,,,,,,5,,,,,,,,,,,,,,,5
224,Mateusz Janeczko,Polska,,pomocnik,11-30),30.11.1994,31,,,,,,,,,,,,,,,,,1,6,,,1,,,,,,,,,,,8
225,Krzysztof Król,Polska,,obrońca,02-06),06.02.1987,38,,,,,,,,,,,,,,,,,20,15,,,,,,,,,,,,,,35
226,Łukasz Mierzejewski,Polska,,obrońca,08-31),31.08.1982,43,,,,,,,,,,,,,,,,,5,,,,,,,,,,,,,,,5
227,Artur Moroń,Polska,,obrońca,07-10),10.07.1993,32,,,,,,,,,,,,,,,,,1,,,,,,,,,,,,,,,1
228,Matej Náther,Słowacja,,pomocnik,07-23),23.07.1985,40,,,,,,,,,,,,,,,,,21,9,,,,,,,,,,,,,,30
229,Damian Nowak,Polska,,napastnik,05-14),14.05.1992,33,,,,,,,,,,,,,,,,,2,,,,,,,,,,,,,,,2
230,Wojciech Reiman,Polska,,pomocnik,08-05),05.08.1988,37,,,,,,,,,,,,,,,,,4,3,,,,,,,,,,,,,,7
231,Serginho,Brazylia,,pomocnik,06-09),09.06.1990,35,,,,,,,,,,,,,,,,,2,,,,,,,,,,,,,,,2
232,Ondřej Šourek,Czechy,,obrońca,04-26),26.04.1983,42,,,,,,,,,,,,,,,,,13,,,,,,,,,,,,,,,13
233,Kamil Adamek,Polska,,napastnik,02-09),09.02.1989,36,,,,,,,,,,,,,,,,,,11,,,,,,,,,,,,,,11
234,Marko Ćetković,Czarnogóra,,pomocnik,07-10),10.07.1986,39,,,,,,,,,,,,,,,,,,9,,,,,,,,,,,,,,9
235,Adam Deja,Polska,,pomocnik,06-26),26.06.1993,32,,,,,,,,,,,,,,,,,,10,18,25,26,27,,,,,,,,,,106
236,Ireneusz Jeleń,Polska,,napastnik,04-09),09.04.1981,44,,,,,,,,,,,,,,,,,,7,,,,,,,,,,,,,,7
237,Fabian Pawela,Polska,,napastnik,11-30),30.11.1985,40,,,,,,,,,,,,,,,,,,25,30,,,,,,,,,,,,,55
238,Dariusz Pietrasiak,Polska,,obrońca,02-12),12.02.1980,45,,,,,,,,,,,,,,,,,,22,31,16,,,,,,,,,,,,69
239,Michal Piter-Bučko,Słowacja,,obrońca,10-28),28.10.1985,40,,,,,,,,,,,,,,,,,,24,,,,,,,,,,,,,,24
240,Anton Sloboda,Słowacja,,pomocnik,07-10),10.07.1987,38,,,,,,,,,,,,,,,,,,13,26,23,11,,,,,,,,,,,73
241,Damian Szczęsny,Polska,,napastnik,12-26),26.12.1986,39,,,,,,,,,,,,,,,,,,7,,,,,,,,,,,,,,7
242,Błażej Telichowski,Polska,,obrońca,06-06),06.06.1984,41,,,,,,,,,,,,,,,,,,7,34,,,,,,,,,,,,,41
243,Marcin Wodecki,Polska,,pomocnik,01-14),14.01.1988,37,,,,,,,,,,,,,,,,,,10,17,,,,,,,,,,,,,27
244,Frank Adu Kwame,Ghana,,obrońca,05-16),16.05.1985,40,,,,,,,,,,,,,,,,,,,20,20,15,,,,,,,,,,,55
245,Sebastian Bartlewski,Polska,,pomocnik,06-13),13.06.1994,31,,,,,,,,,,,,,,,,,,,11,3,1,,,,,,,,,,,15
246,Jan Blažek,Czechy,,napastnik,03-20),20.03.1988,37,,,,,,,,,,,,,,,,,,,5,,,,,,,,,,,,,5
247,Daniel Bujok,Polska,,pomocnik,11-24),24.11.1994,31,,,,,,,,,,,,,,,,,,,3,,,,,,,,,,,,,3
248,Maciej Iwański,Polska,,pomocnik,05-07),07.05.1981,44,,,,,,,,,,,,,,,,,,,16,33,,,,,,,,,,,,49
249,Aleksander Jagiełło,Polska,,pomocnik,02-02),02.02.1995,30,,,,,,,,,,,,,,,,,,,18,,,,,,,,,,,,,18
250,Mateusz Kupczak,Polska,,pomocnik,02-20),20.02.1992,33,,,,,,,,,,,,,,,,,,,11,,,,,,,,,,,,,11
251,Kamil Kurowski,Polska,,pomocnik,09-04),04.09.1994,31,,,,,,,,,,,,,,,,,,,3,,,,,,,,,,,,,3
252,Mikołaj Lebedyński,Polska,,napastnik,10-14),14.10.1990,35,,,,,,,,,,,,,,,,,,,5,,,,,,,,,,,,,5
253,Charles Nwaogu,Nigeria,,napastnik,07-22),22.07.1990,35,,,,,,,,,,,,,,,,,,,3,,,,,,,,,,,,,3
254,Przemysław Pietruszka,Polska,,obrońca,04-18),18.04.1984,41,,,,,,,,,,,,,,,,,,,9,,,,,,,,,,,,,9
255,Ladislav Rybánsky,Słowacja,,bramkarz,12-19),19.12.1984,41,,,,,,,,,,,,,,,,,,,13,,,,,,,,,,,,,13
256,Mateusz Stąporski,Polska,,pomocnik,01-28),28.01.1988,37,,,,,,,,,,,,,,,,,,,7,,,,,,,,,,,,,7
257,Wojciech Szymanek,Polska,,obrońca,03-01),01.03.1982,43,,,,,,,,,,,,,,,,,,,3,,,,,,,,,,,,,3
258,Rudolf Urban,Słowacja,,obrońca,03-01),01.03.1980,45,,,,,,,,,,,,,,,,,,,12,,,,,,,,,,,,,12
259,Łukasz Żegleń,Polska,,napastnik,06-09),09.06.1995,30,,,,,,,,,,,,,,,,,,,6,,,,,,,,,,,,,6
260,Idrissa Cissé,Senegal,,napastnik,01-01),01.01.1990,35,,,,,,,,,,,,,,,,,,,,12,,,,,,,,,,,,12
261,Maciej Felsch,Polska,,obrońca,05-31),31.05.1998,27,,,,,,,,,,,,,,,,,,,,1,,,,,,,,,,,,1
262,Gracjan Horoszkiewicz,Polska,,obrońca,03-18),18.03.1995,30,,,,,,,,,,,,,,,,,,,,7,4,,,,,,,,,,,11
263,Kristián Kolčák,Słowacja,,obrońca,01-30),30.01.1990,35,,,,,,,,,,,,,,,,,,,,17,23,,,,,,,,,,,40
264,Maciej Korzym,Polska,,napastnik,05-02),02.05.1988,37,,,,,,,,,,,,,,,,,,,,23,2,,,,,,,,,,,25
265,Artur Lenartowski,Polska,,pomocnik,03-17),17.03.1988,37,,,,,,,,,,,,,,,,,,,,14,,,,,,,,,,,,14
266,Róbert Mazáň,Słowacja,,obrońca,02-09),09.02.1994,31,,,,,,,,,,,,,,,,,,,,5,,,,,,,,,,,,5
267,Wojciech Okińczyc,Polska,,napastnik,02-15),15.02.1986,39,,,,,,,,,,,,,,,,,,,,1,,,,,,,,,,,,1
268,Adam Pazio,Polska,,obrońca,09-27),27.09.1992,33,,,,,,,,,,,,,,,,,,,,25,16,,,,,,,,,,,41
269,Michal Peškovič,Słowacja,,bramkarz,02-08),08.02.1982,43,,,,,,,,,,,,,,,,,,,,22,,,,,,23,4,,,,,49
270,Pavol Staňo,Słowacja,,obrońca,09-29),29.09.1977,48,,,,,,,,,,,,,,,,,,,,30,,,,,,,,,,,,30
271,Bartosz Śpiączka,Polska,,napastnik,08-19),19.08.1991,34,,,,,,,,,,,,,,,,,,,,25,,,,,,,,,,,,25
272,Piotr Tomasik,Polska,,obrońca,10-31),31.10.1987,38,,,,,,,,,,,,,,,,,,,,22,,,,,,,,,29,,,51
273,Wojciech Trochim,Polska,,pomocnik,03-31),31.03.1989,36,,,,,,,,,,,,,,,,,,,,4,,,,,,,,,,,,4
274,Fabian Hiszpański,Polska,,pomocnik,10-26),26.10.1993,32,,,,,,,,,,,,,,,,,,,,,6,,,,,,,,,,,6
275,Lukáš Janič,Słowacja,,pomocnik,12-30),30.12.1986,38,,,,,,,,,,,,,,,,,,,,,8,,,,,,,,,,,8
276,Bartosz Jaroch,Polska,,obrońca,01-25),25.01.1995,30,,,,,,,,,,,,,,,,,,,,,7,12,14,24,32,5,,,,,,94
277,Wojciech Kaczmarek,Polska,,bramkarz,03-29),29.03.1983,42,,,,,,,,,,,,,,,,,,,,,4,,,,,,,,,,,4
278,Kōhei Katō,Japonia,,pomocnik,06-14),14.06.1989,36,,,,,,,,,,,,,,,,,,,,,37,,,,,,,,,,,37
279,Jakub Kowalski,Polska,,pomocnik,10-09),09.10.1987,38,,,,,,,,,,,,,,,,,,,,,34,,,,,,,,,,,34
280,Celestine Lazarus,Nigeria,,obrońca,11-13),13.11.1992,33,,,,,,,,,,,,,,,,,,,,,5,,,,,,,,,,,5
281,Mateusz Możdżeń,Polska,,pomocnik,03-14),14.03.1991,34,,,,,,,,,,,,,,,,,,,,,35,,,,,,,,,,,35
282,Adam Mójta,Polska,,obrońca,06-30),30.06.1986,39,,,,,,,,,,,,,,,,,,,,,32,,,,,,,,,,,32
283,Krystian Nowak,Polska,,obrońca,04-01),01.04.1994,31,,,,,,,,,,,,,,,,,,,,,21,,,,,,,,,,,21
284,Jozef Piaček,Słowacja,,obrońca,06-20),20.06.1983,42,,,,,,,,,,,,,,,,,,,,,14,28,,,,,,,,,,42
285,Samuel Štefánik ,Słowacja,,pomocnik,11-16),16.11.1991,34,,,,,,,,,,,,,,,,,,,,,14,,,,,,,,,,,14
286,Mateusz Szczepaniak,Polska,,pomocnik,01-23),23.01.1991,34,,,,,,,,,,,,,,,,,,,,,35,,,,,,,,,,,35
287,Paweł Tarnowski,Polska,,pomocnik,06-28),28.06.1990,35,,,,,,,,,,,,,,,,,,,,,12,14,,,,,,,,,,26
288,Oleg Wierietiło,Białoruś,,obrońca,07-10),10.07.1988,37,,,,,,,,,,,,,,,,,,,,,10,,,,,,,,,,,10
289,Emilijus Zubas,Litwa,,bramkarz,07-10),10.07.1990,35,,,,,,,,,,,,,,,,,,,,,36,,,,,,,,,,,36
290,Martin Baran,Słowacja,,obrońca,01-03),03.01.1988,37,,,,,,,,,,,,,,,,,,,,,,5,,,,,,,,,,5
291,Jozef Dolný,Słowacja,,pomocnik,05-13),13.05.1992,33,,,,,,,,,,,,,,,,,,,,,,11,,,,,,,,,,11
292,Daniel Feruga,Polska,,pomocnik,05-01),01.05.1988,37,,,,,,,,,,,,,,,,,,,,,,15,,,,,,,,,,15
293,Robert Gumny,Polska,,obrońca,06-04),04.06.1998,27,,,,,,,,,,,,,,,,,,,,,,14,,,,,,,,,,14
294,Łukasz Hanzel,Polska,,pomocnik,09-16),16.09.1986,39,,,,,,,,,,,,,,,,,,,,,,13,32,,,,,,,,,45
295,Nermin Haskić,Bośnia i Hercegowina,,napastnik,06-27),27.06.1989,36,,,,,,,,,,,,,,,,,,,,,,12,,,,,,,,,,12
296,Damian Jakubik,Polska,,obrońca,03-25),25.03.1990,35,,,,,,,,,,,,,,,,,,,,,,4,,,,,,,,,,4
297,Michał Janota,Polska,,pomocnik,07-29),29.07.1990,35,,,,,,,,,,,,,,,,,,,,,,23,,,,,18,25,11,,,77
298,Kamil Jonkisz,Polska,,napastnik,08-29),29.08.1995,30,,,,,,,,,,,,,,,,,,,,,,3,,,,,,,,,,3
299,Kacper Kostorz,Polska,,napastnik,08-21),21.08.1999,26,,,,,,,,,,,,,,,,,,,,,,2,22,35,,,,,,,,59
300,Rafał Leszczyński,Polska,,bramkarz,04-26),26.04.1992,33,,,,,,,,,,,,,,,,,,,,,,31,22,17,10,3,,,,,,83
301,Szymon Lewicki,Polska,,napastnik,04-05),05.04.1988,37,,,,,,,,,,,,,,,,,,,,,,24,,,,,,,,,,24
302,Mateusz Lis,Polska,,bramkarz,02-27),27.02.1997,28,,,,,,,,,,,,,,,,,,,,,,4,,,,,,,,,,4
303,Mariusz Magiera,Polska,,obrońca,08-25),25.08.1984,41,,,,,,,,,,,,,,,,,,,,,,34,8,,,,,,,,,42
304,Mariusz Malec,Polska,,obrońca,04-04),04.04.1995,30,,,,,,,,,,,,,,,,,,,,,,4,32,,,,,,,,,36
305,Robert Menzel,Polska,,obrońca,02-14),14.02.1991,34,,,,,,,,,,,,,,,,,,,,,,9,,,,,,,,,,9
306,Daniel Mikołajewski,Polska,,obrońca,08-25),25.08.1999,26,,,,,,,,,,,,,,,,,,,,,,11,,,,,27,23,31,,,92
307,Paweł Moskwik,Polska,,obrońca,06-08),08.06.1992,33,,,,,,,,,,,,,,,,,,,,,,11,25,8,,,,,,,,44
308,Ilir Pali,Australia /Albania /Czarnogóra,,pomocnik,08-10),10.08.1995,30,,,,,,,,,,,,,,,,,,,,,,1,,,,,,,,,,1
309,Tomasz Podgórski,Polska,,pomocnik,12-30),30.12.1985,39,,,,,,,,,,,,,,,,,,,,,,30,18,,,,,,,,,48
310,Łukasz Sierpina,Polska,,pomocnik,03-27),27.03.1988,37,,,,,,,,,,,,,,,,,,,,,,35,36,28,31,24,,,,,,154
311,Peter Sládek,Słowacja,,pomocnik,07-07),07.07.1989,36,,,,,,,,,,,,,,,,,,,,,,8,,,,,,,,,,8
312,Szymon Szymański,Polska,,pomocnik,04-13),13.04.1996,29,,,,,,,,,,,,,,,,,,,,,,4,,,,,,,,,,4
313,Ariel Wawszczyk,Polska,,obrońca,11-19),19.11.1991,34,,,,,,,,,,,,,,,,,,,,,,5,,,,,,,,,,5
314,Łukasz Zakrzewski,Polska,,obrońca,03-07),07.03.1996,29,,,,,,,,,,,,,,,,,,,,,,8,,,,,,,,,,8
315,Mavroudís Bougaḯdis ,Grecja,,obrońca,06-01),01.06.1993,32,,,,,,,,,,,,,,,,,,,,,,,14,15,,,,,,,,29
316,Wojciech Fabisiak,Polska,,bramkarz,01-31),31.01.1995,30,,,,,,,,,,,,,,,,,,,,,,,15,19,,,,,,,,34
318,Dimityr Iljew,Bułgaria,,pomocnik,09-25),25.09.1988,37,,,,,,,,,,,,,,,,,,,,,,,26,,,,,,,,,26
319,Ľuboš Kolár,Słowacja,,pomocnik,09-01),01.09.1989,36,,,,,,,,,,,,,,,,,,,,,,,4,,,,,,,,,4
320,Miłosz Kozak,Polska,,pomocnik,05-23),23.05.1997,28,,,,,,,,,,,,,,,,,,,,,,,32,17,,,,,,,,49
321,Filip Matuszczyk,Polska,,pomocnik,02-14),14.02.1998,27,,,,,,,,,,,,,,,,,,,,,,,2,,,,,,,,,2
322,Filip Modelski,Polska,,obrońca,09-28),28.09.1992,33,,,,,,,,,,,,,,,,,,,,,,,13,15,21,23,,,,,,72
323,Paweł Oleksy,Polska,,obrońca,04-01),01.04.1991,34,,,,,,,,,,,,,,,,,,,,,,,21,21,,,,,,,,42
324,Guga Palawandiszwili,Gruzja,,pomocnik,08-14),14.08.1993,32,,,,,,,,,,,,,,,,,,,,,,,13,28,,,,,,,,41
325,Adrian Pindera,Polska,,napastnik,06-21),21.06.1998,27,,,,,,,,,,,,,,,,,,,,,,,3,,,,,,,,,3
326,Adrian Rakowski,Polska,,pomocnik,10-07),07.10.1990,35,,,,,,,,,,,,,,,,,,,,,,,30,29,19,1,,,,,,79
327,Valērijs Šabala ,Łotwa,,napastnik,10-12),12.10.1994,31,,,,,,,,,,,,,,,,,,,,,,,30,33,,,,,,,,63
328,Marcin Sierczyński,Polska,,obrońca,04-12),12.04.1991,34,,,,,,,,,,,,,,,,,,,,,,,6,,,,,,,,,6
329,Szymon Sobczak,Polska,,napastnik,12-07),07.12.1992,33,,,,,,,,,,,,,,,,,,,,,,,17,,,,,,,,,17
330,Paweł Tomczyk,Polska,,napastnik,05-04),04.05.1998,27,,,,,,,,,,,,,,,,,,,,,,,34,,,,,,,8,,42
331,Kamil Wiktorski,Polska,,obrońca,03-12),12.03.1993,32,,,,,,,,,,,,,,,,,,,,,,,28,26,1,,,,,,,55
332,Jakub Bąk,Polska,,pomocnik,05-28),28.05.1993,32,,,,,,,,,,,,,,,,,,,,,,,,10,,,,,,,,10
333,Jakub Bieroński,Polska,,pomocnik,04-18),18.04.2003,22,,,,,,,,,,,,,,,,,,,,,,,,3,5,17,24,17,,,,66
334,Chopi,Hiszpania,,pomocnik,04-16),16.04.1990,35,,,,,,,,,,,,,,,,,,,,,,,,21,,,,,,,,21
335,Grzegorz Goncerz,Polska,,napastnik,04-27),27.04.1988,37,,,,,,,,,,,,,,,,,,,,,,,,16,,,,,,,,16
336,Adrián Gómez,Hiszpania,,pomocnik,01-17),17.01.1994,31,,,,,,,,,,,,,,,,,,,,,,,,8,,,,,,,,8
337,Damian Hilbrycht,Polska,,napastnik,05-19),19.05.1998,27,,,,,,,,,,,,,,,,,,,,,,,,6,10,,,,,,,16
338,Dominik Jończy,Polska,,obrońca,05-17),17.05.1997,28,,,,,,,,,,,,,,,,,,,,,,,,24,,,,,,,,24
339,Aleksander Komor,Polska,,obrońca,06-24),24.06.1994,31,,,,,,,,,,,,,,,,,,,,,,,,12,15,14,,,,,,41
340,Przemysław Mystkowski,Polska,,pomocnik,04-25),25.04.1998,27,,,,,,,,,,,,,,,,,,,,,,,,22,,,,,,,,22
341,Przemysław Płacheta,Polska,,pomocnik,03-23),23.03.1998,27,,,,,,,,,,,,,,,,,,,,,,,,25,,,,,,,,25
342,Marko Roginić,Chorwacja,,napastnik,09-05),05.09.1995,30,,,,,,,,,,,,,,,,,,,,,,,,10,32,23,14,,,,,79
343,Michał Rzuchowski,Polska,,pomocnik,12-27),27.12.1993,32,,,,,,,,,,,,,,,,,,,,,,,,22,19,28,,,,,,69
344,Dmytro Baszłaj,Ukraina,,obrońca,04-25),25.04.1990,35,,,,,,,,,,,,,,,,,,,,,,,,,23,17,,,,,,40
345,Michał Batelt,Polska,,obrońca,01-23),23.01.2001,24,,,,,,,,,,,,,,,,,,,,,,,,,1,,,,,,,1
346,Karol Danielak,Polska,,pomocnik,09-29),29.09.1991,34,,,,,,,,,,,,,,,,,,,,,,,,,33,27,,,,,,60
347,Rafał Figiel,Polska,,pomocnik,05-08),08.05.1991,34,,,,,,,,,,,,,,,,,,,,,,,,,33,8,,,,,,41
348,Filip Laskowski,Polska,,pomocnik,05-04),04.05.2001,24,,,,,,,,,,,,,,,,,,,,,,,,,18,7,3,,,,,28
349,Arkadiusz Maj,Polska,,napastnik,08-24),24.08.1999,26,,,,,,,,,,,,,,,,,,,,,,,,,1,,,,,,,1
350,Iván Martín ,Hiszpania,,napastnik,03-04),04.03.1995,30,,,,,,,,,,,,,,,,,,,,,,,,,11,6,,,,,,17
351,Mateusz Marzec,Polska,,pomocnik,08-13),13.08.1994,31,,,,,,,,,,,,,,,,,,,,,,,,,6,18,,,,,,24
352,Szymon Mroczko,Polska,,obrońca,01-18),18.01.2001,24,,,,,,,,,,,,,,,,,,,,,,,,,3,5,,,,,,8
353,Tomasz Nowak,Polska,,pomocnik,10-30),30.10.1985,40,,,,,,,,,,,,,,,,,,,,,,,,,19,13,,,,,,32
355,Martin Polaček,Słowacja,,bramkarz,04-02),02.04.1990,35,,,,,,,,,,,,,,,,,,,,,,,,,26,6,19,,,,,51
356,Konrad Sieracki,Polska,,pomocnik,07-08),08.07.2000,25,,,,,,,,,,,,,,,,,,,,,,,,,19,,,,,,,19
357,Mateusz Sopoćko,Polska,,pomocnik,06-26),26.06.1999,26,,,,,,,,,,,,,,,,,,,,,,,,,20,,,,,,,20
358,Desley Ubbink,Holandia,,pomocnik,06-15),15.06.1993,32,,,,,,,,,,,,,,,,,,,,,,,,,6,17,,,,,,23
359,Kamil Biliński,Polska,,napastnik,01-23),23.01.1988,37,,,,,,,,,,,,,,,,,,,,,,,,,12,27,33,34,,,,106
360,Dominik Frelek,Polska,,pomocnik,10-11),11.10.2001,24,,,,,,,,,,,,,,,,,,,,,,,,,,9,31,,,,,40
361,Konrad Gutowski,Polska,,obrońca,02-22),22.02.1999,26,,,,,,,,,,,,,,,,,,,,,,,,,,5,30,,,,,35
362,Jakub Hora,Czechy,,pomocnik,02-23),23.02.1991,34,,,,,,,,,,,,,,,,,,,,,,,,,,16,,,,,,16
363,Rafał Janicki,Polska,,obrońca,07-05),05.07.1992,33,,,,,,,,,,,,,,,,,,,,,,,,,,13,,,,,,13
364,Gergő Kocsis ,Węgry,,obrońca,03-07),07.03.1994,31,,,,,,,,,,,,,,,,,,,,,,,,,,20,,,,,,20
365,Bartłomiej Kręcichwost,Polska,,napastnik,08-13),13.08.1999,26,,,,,,,,,,,,,,,,,,,,,,,,,,2,,,,,,2
366,Petar Mamić,Chorwacja,,obrońca,03-06),06.03.1996,29,,,,,,,,,,,,,,,,,,,,,,,,,,12,,,,,,12
367,Marco Túlio ,Brazylia,,obrońca,05-31),31.05.1998,27,,,,,,,,,,,,,,,,,,,,,,,,,,10,,,,,,10
368,Serhij Miakuszko,Ukraina,,pomocnik,04-15),15.04.1993,32,,,,,,,,,,,,,,,,,,,,,,,,,,16,,,,,,16
369,David Niepsuj,Polska /Niemcy,,obrońca,08-16),16.08.1995,30,,,,,,,,,,,,,,,,,,,,,,,,,,9,,,,,,9
370,Milan Rundić,Serbia,,obrońca,03-29),29.03.1992,33,,,,,,,,,,,,,,,,,,,,,,,,,,22,,,,,,22
372,Peter Wilson,Liberia /Szwecja,,napastnik,10-09),09.10.1996,29,,,,,,,,,,,,,,,,,,,,,,,,,,13,,,,,,13
374,Ezequiel Bonifacio,Argentyna /Włochy,,obrońca,05-09),09.05.1994,31,,,,,,,,,,,,,,,,,,,,,,,,,,,26,29,,,,55
375,Yiğit Emre Çeltik ,Turcja,,pomocnik,04-07),07.04.2003,22,,,,,,,,,,,,,,,,,,,,,,,,,,,13,23,,,,36
376,Matvei Igonen,Estonia,,bramkarz,10-02),02.10.1996,29,,,,,,,,,,,,,,,,,,,,,,,,,,,12,29,,,,41
377,Maciej Kowalski-Haberek,Polska,,obrońca,05-16),16.05.1994,31,,,,,,,,,,,,,,,,,,,,,,,,,,,31,,,,,31
378,Giorgi Merebaszwili,Gruzja,,pomocnik,08-15),15.08.1986,39,,,,,,,,,,,,,,,,,,,,,,,,,,,33,,2,,,35
379,Titas Milašius ,Litwa,,pomocnik,12-12),12.12.2000,25,,,,,,,,,,,,,,,,,,,,,,,,,,,21,27,7,,,55
380,Marcel Misztal,Polska,,pomocnik,11-07),07.11.2003,22,,,,,,,,,,,,,,,,,,,,,,,,,,,6,29,30,14,,79
381,Costa Nhamoinesu,Zimbabwe,,obrońca,01-06),06.01.1986,39,,,,,,,,,,,,,,,,,,,,,,,,,,,1,,,,,1
382,Dawid Polkowski,Polska,,pomocnik,08-21),21.08.1998,27,,,,,,,,,,,,,,,,,,,,,,,,,,,26,7,,,,33
383,Julio Rodríguez ,Hiszpania,,obrońca,12-07),07.12.1995,30,,,,,,,,,,,,,,,,,,,,,,,,,,,30,23,,,,53
384,Goku Román,Hiszpania,,pomocnik,05-16),16.05.1993,32,,,,,,,,,,,,,,,,,,,,,,,,,,,32,32,,,,64
385,Mathieu Scalet,Francja /Polska,,pomocnik,04-01),01.04.1997,28,,,,,,,,,,,,,,,,,,,,,,,,,,,28,9,,,,37
386,Jeppe Simonsen,Haiti /Dania,,obrońca,11-21),21.11.1995,30,,,,,,,,,,,,,,,,,,,,,,,,,,,14,33,4,,,51
387,Kacper Wełniak,Polska,,napastnik,05-21),21.05.2000,25,,,,,,,,,,,,,,,,,,,,,,,,,,,17,7,,,,24
388,Mateusz Wypych,Polska,,obrońca,01-10),10.01.1998,27,,,,,,,,,,,,,,,,,,,,,,,,,,,23,18,2,,,43
389,Lionel Abate Etoundi,Kamerun ,,napastnik,09-25),25.09.2000,25,,,,,,,,,,,,,,,,,,,,,,,,,,,,2,25,13,,40
390,Bartosz Bernard,Polska,,obrońca,02-08),08.02.2003,22,,,,,,,,,,,,,,,,,,,,,,,,,,,,10,4,,,14
391,Krzysztof Drzazga,Polska,,napastnik,06-20),20.06.1995,30,,,,,,,,,,,,,,,,,,,,,,,,,,,,31,,,,31
392,Florian Hartherz,Niemcy,,obrońca,05-29),29.05.1993,32,,,,,,,,,,,,,,,,,,,,,,,,,,,,15,,,,15
393,Wiktor Kaczorowski,Polska,,bramkarz,08-31),31.08.2001,24,,,,,,,,,,,,,,,,,,,,,,,,,,,,5,,,,5
394,Iwajło Markow,Bułgaria,,obrońca,06-05),05.06.1997,28,,,,,,,,,,,,,,,,,,,,,,,,,,,,22,,,,22
395,Tomasz Neugebauer,Polska,,pomocnik,05-08),08.05.2003,22,,,,,,,,,,,,,,,,,,,,,,,,,,,,15,,,,15
396,Maksymilian Nowak,Polska,,pomocnik,08-03),03.08.2004,21,,,,,,,,,,,,,,,,,,,,,,,,,,,,1,,,,1
397,Arthur Vitelli,Francja ,,obrońca,06-04),04.06.2000,25,,,,,,,,,,,,,,,,,,,,,,,,,,,,14,,,,14
399,Michał Willmann,Polska,,pomocnik,07-22),22.07.2004,21,,,,,,,,,,,,,,,,,,,,,,,,,,,,4,16,35,,55
400,Maksymilian Banaszewski,Polska,,pomocnik,03-22),22.03.1995,30,,,,,,,,,,,,,,,,,,,,,,,,,,,,,34,,,34
401,Bartosz Bida,Polska,,pomocnik,02-21),21.02.2001,24,,,,,,,,,,,,,,,,,,,,,,,,,,,,,31,,,31
402,Martin Chlumecký ,Czechy,,obrońca,01-11),11.01.1997,28,,,,,,,,,,,,,,,,,,,,,,,,,,,,,18,,,18
403,Jan Hlavica,Czechy,,obrońca,07-17),17.07.1994,31,,,,,,,,,,,,,,,,,,,,,,,,,,,,,23,,,23
404,Miroslav Iličić ,Chorwacja,,napastnik,04-17),17.04.1998,27,,,,,,,,,,,,,,,,,,,,,,,,,,,,,10,,,10
405,Haris Kadrić,Słowenia,,napastnik,03-16),16.03.2000,25,,,,,,,,,,,,,,,,,,,,,,,,,,,,,13,,,13
406,Jakub Kisiel,Polska,,pomocnik,02-05),05.02.2003,22,,,,,,,,,,,,,,,,,,,,,,,,,,,,,26,,,26
407,Jaka Kolenc,Słowenia,,pomocnik,02-23),23.02.1994,31,,,,,,,,,,,,,,,,,,,,,,,,,,,,,23,,,23
408,Kacper Krzepisz,Polska,,bramkarz,12-16),16.12.1999,26,,,,,,,,,,,,,,,,,,,,,,,,,,,,,6,,,6
409,Patrik Lukáč ,Słowacja,,bramkarz,12-05),05.12.1994,31,,,,,,,,,,,,,,,,,,,,,,,,,,,,,7,,,7
410,Sylwester Lusiusz,Polska,,pomocnik,09-18),18.09.1999,26,,,,,,,,,,,,,,,,,,,,,,,,,,,,,8,,,8
411,Adrian Małachowski,Polska,,pomocnik,03-10),10.03.1998,27,,,,,,,,,,,,,,,,,,,,,,,,,,,,,10,,,10
412,Marko Martinaga,Chorwacja,,obrońca,05-27),27.05.1998,27,,,,,,,,,,,,,,,,,,,,,,,,,,,,,15,,,15
413,Samuel Nnoshiri,Nigeria,,pomocnik,07-02),02.07.2001,24,,,,,,,,,,,,,,,,,,,,,,,,,,,,,8,,,8
414,Antonio Perošević ,Chorwacja,,napastnik,03-06),06.03.1992,33,,,,,,,,,,,,,,,,,,,,,,,,,,,,,4,,,4
415,Patryk Procek,Polska,,bramkarz,03-01),01.03.1995,30,,,,,,,,,,,,,,,,,,,,,,,,,,,,,23,,,23
416,Matej Senić,Chorwacja,,obrońca,02-21),21.02.1995,30,,,,,,,,,,,,,,,,,,,,,,,,,,,,,14,,,14
417,Marco Siverio,Hiszpania,,napastnik,10-04),04.10.1994,31,,,,,,,,,,,,,,,,,,,,,,,,,,,,,5,,,5
418,Michał Stempniewicz,Polska,,napastnik,06-21),21.06.2006,19,,,,,,,,,,,,,,,,,,,,,,,,,,,,,3,,,3
419,Mateusz Stryjewski,Polska,,pomocnik,06-22),22.06.1997,28,,,,,,,,,,,,,,,,,,,,,,,,,,,,,3,,,3
420,Michał Stryjewski,Polska,,pomocnik,09-18),18.09.1995,30,,,,,,,,,,,,,,,,,,,,,,,,,,,,,11,,,11
421,Radosław Zając,Polska,,pomocnik,07-28),28.07.2004,21,,,,,,,,,,,,,,,,,,,,,,,,,,,,,10,19,,29
422,Mateusz Ziółkowski,Polska,,pomocnik,08-29),29.08.2003,22,,,,,,,,,,,,,,,,,,,,,,,,,,,,,32,7,,39
423,Franciszek Liszka,Polska,,pomocnik,08-07),07.08.2003,22,,,,,,,,,,,,,,,,,,,,,,,,,,,,,3,,,3
424,Michał Studnicki,Polska,,napastnik,02-28),28.02.2006,19,,,,,,,,,,,,,,,,,,,,,,,,,,,,,1,,,1
427,Paweł Czajkowski,Polska,,pomocnik,02-27),27.02.1995,30,,,,,,,,,,,,,,,,,,,,,,,,,,,,,,27,,27
431,Szymon Gołuch,Polska,,pomocnik,10-05),05.10.2002,23,,,,,,,,,,,,,,,,,,,,,,,,,,,,,,12,,12
436,Matej Mršić,Chorwacja,,pomocnik,01-13),13.01.1994,31,,,,,,,,,,,,,,,,,,,,,,,,,,,,,,30,,30
437,Maksymilian Manikowski,Polska,,bramkarz,01-07),07.01.2003,22,,,,,,,,,,,,,,,,,,,,,,,,,,,,,,,,0
438,Nikodem Gancarczyk,Polska,,obrońca,03-06),06.03.2006,19,,,,,,,,,,,,,,,,,,,,,,,,,,,,,,,,0
440,Maksymilian Biskup,Polska,,pomocnik,08-16),16.08.2006,19,,,,,,,,,,,,,,,,,,,,,,,,,,,,,,6,,6

444,Linus Rönnberg,Finlandia,,napastnik,01-13),13.01.2003,22,,,,,,,,,,,,,,,,,,,,,,,,,,,,,,35,,35
